"corpus","preloaded/sibol_corpus"
"subcorpus","-"
Headword,Relation,Collocation,Frequency,Relative frequency,Rating
"last-j","nouns modified by ""%w""","year-n",289449,286.80145,12.251
"reprint-n","nouns modified by ""%w""","right-n",243381,241.15483,13.723
"last-j","nouns modified by ""%w""","week-n",149313,147.94726,11.709
"first-j","nouns modified by ""%w""","time-n",113032,111.99811,11.335
"chief-j","nouns modified by ""%w""","executive-n",109671,108.66786,12.947
"last-j","nouns modified by ""%w""","night-n",105461,104.49636,11.328
"last-j","nouns modified by ""%w""","month-n",89577,88.75765,11.094
"New-n","nouns modified by ""%w""","York-n",77255,76.54836,12.603
"United-n","nouns modified by ""%w""","States-n",75912,75.21764,13.254
"next-j","nouns modified by ""%w""","year-n",72401,71.73876,10.845
"prime-j","nouns modified by ""%w""","minister-n",64254,63.66628,12.551
"World-n","nouns modified by ""%w""","Cup-n",56583,56.06544,12.368
"next-j","nouns modified by ""%w""","week-n",48060,47.62040,10.933
"South-n","nouns modified by ""%w""","Africa-n",47582,47.14677,12.756
"many-j","nouns modified by ""%w""","people-n",47553,47.11804,10.691
"Prime-n","nouns modified by ""%w""","Minister-n",47227,46.79502,13.306
"Premier-n","nouns modified by ""%w""","League-n",46544,46.11827,12.720
"young-j","nouns modified by ""%w""","people-n",43486,43.08824,10.933
"same-j","nouns modified by ""%w""","time-n",43356,42.95943,10.610
"Hong-n","nouns modified by ""%w""","Kong-n",42143,41.75752,13.569
"next-j","nouns modified by ""%w""","month-n",41486,41.10653,10.947
"few-j","nouns modified by ""%w""","year-n",40073,39.70646,10.039
"New-n","nouns modified by ""%w""","Zealand-n",39849,39.48451,11.819
"Manchester-n","nouns modified by ""%w""","United-n",38915,38.55905,12.668
"last-j","nouns modified by ""%w""","season-n",38689,38.33512,9.995
"state-n","nouns modified by ""%w""","government-n",37493,37.15006,11.504
"interest-n","nouns modified by ""%w""","rate-n",36602,36.26721,11.833
"block-time-j","nouns modified by ""%w""","updated-timeUpdated-n",36592,36.25730,13.994
"police-n","nouns modified by ""%w""","officer-n",36019,35.68954,11.394
"second-j","nouns modified by ""%w""","half-n",33551,33.24411,11.357
"few-j","nouns modified by ""%w""","day-n",32989,32.68725,10.632
"long-j","nouns modified by ""%w""","time-n",32886,32.58520,10.398
"first-j","nouns modified by ""%w""","half-n",32696,32.39693,10.127
"police-n","nouns modified by ""%w""","station-n",32477,32.17994,11.482
"Boris-n","nouns modified by ""%w""","Johnson-n",31035,30.75113,12.837
"social-j","nouns modified by ""%w""","medium-n",30949,30.66591,11.899
"past-j","nouns modified by ""%w""","year-n",29831,29.55814,9.937
"recent-j","nouns modified by ""%w""","year-n",29638,29.36691,9.790
"high-j","nouns modified by ""%w""","level-n",28736,28.47316,10.691
"Northern-n","nouns modified by ""%w""","Ireland-n",28447,28.18680,13.254
"last-j","nouns modified by ""%w""","time-n",26990,26.74313,9.087
"few-j","nouns modified by ""%w""","week-n",26852,26.60639,10.164
"champion-n","nouns modified by ""%w""","League-n",26296,26.05547,11.995
"other-j","nouns modified by ""%w""","country-n",26286,26.04557,9.805
"few-j","nouns modified by ""%w""","month-n",26046,25.80776,10.361
"White-n","nouns modified by ""%w""","House-n",25893,25.65616,12.427
"Manchester-n","nouns modified by ""%w""","City-n",25699,25.46394,11.870
"David-n","nouns modified by ""%w""","Cameron-n",24742,24.51569,11.599
"little-j","nouns modified by ""%w""","bit-n",24603,24.37796,11.606
"young-j","nouns modified by ""%w""","man-n",24018,23.79831,10.457
"many-j","nouns modified by ""%w""","year-n",23102,22.89069,9.080
"good-j","nouns modified by ""%w""","thing-n",22626,22.41904,9.453
"good-j","nouns modified by ""%w""","way-n",22040,21.83840,9.460
"next-j","nouns modified by ""%w""","day-n",21713,21.51439,9.951
"press-n","nouns modified by ""%w""","conference-n",21604,21.40639,12.368
"good-j","nouns modified by ""%w""","news-n",21291,21.09625,9.644
"local-j","nouns modified by ""%w""","authority-n",21184,20.99023,10.845
"family-n","nouns modified by ""%w""","member-n",21108,20.91493,10.984
"other-j","nouns modified by ""%w""","people-n",21092,20.89907,9.124
"more-j","nouns modified by ""%w""","people-n",20947,20.75540,9.512
"most-j","nouns modified by ""%w""","people-n",20932,20.74054,10.171
"Old-n","nouns modified by ""%w""","Trafford-n",20794,20.60380,13.188
"senior-j","nouns modified by ""%w""","official-n",20744,20.55426,10.757
"last-j","nouns modified by ""%w""","summer-n",20649,20.46013,9.248
"climate-n","nouns modified by ""%w""","change-n",20236,20.05090,11.848
"high-j","nouns modified by ""%w""","court-n",20177,19.99244,10.383
"more-j","nouns modified by ""%w""","time-n",19522,19.34344,9.204
"mobile-j","nouns modified by ""%w""","phone-n",19502,19.32362,12.683
"large-j","nouns modified by ""%w""","number-n",19445,19.26714,10.522
"new-j","nouns modified by ""%w""","Delhi-n",19422,19.24435,9.204
"general-j","nouns modified by ""%w""","election-n",19314,19.13734,11.570
"other-j","nouns modified by ""%w""","hand-n",19127,18.95205,9.504
"Middle-n","nouns modified by ""%w""","East-n",18672,18.50121,13.020
"Los-n","nouns modified by ""%w""","Angeles-n",18579,18.40906,13.555
"Tony-n","nouns modified by ""%w""","Blair-n",18438,18.26935,12.522
"Supreme-n","nouns modified by ""%w""","Court-n",18211,18.04443,12.222
"long-j","nouns modified by ""%w""","way-n",18149,17.98299,10.325
"high-j","nouns modified by ""%w""","rate-n",18136,17.97011,9.849
"good-j","nouns modified by ""%w""","player-n",18042,17.87697,9.102
"Downing-n","nouns modified by ""%w""","Street-n",17854,17.69069,11.782
"West-n","nouns modified by ""%w""","Ham-n",17811,17.64809,11.899
"next-j","nouns modified by ""%w""","season-n",17762,17.59953,9.958
"first-j","nouns modified by ""%w""","day-n",17225,17.06745,8.896
"political-j","nouns modified by ""%w""","party-n",17209,17.05159,10.449
"share-n","nouns modified by ""%w""","price-n",17102,16.94557,11.130
"Daily-n","nouns modified by ""%w""","Telegraph-n",16894,16.73947,12.969
"young-j","nouns modified by ""%w""","woman-n",16890,16.73551,10.200
"Mr-n","nouns modified by ""%w""","Cameron-n",16880,16.72560,9.673
"chief-j","nouns modified by ""%w""","officer-n",16789,16.63543,10.171
"World-n","nouns modified by ""%w""","War-n",16166,16.01813,11.160
"new-j","nouns modified by ""%w""","case-n",16142,15.99435,8.699
"fa-n","nouns modified by ""%w""","Cup-n",16093,15.94580,11.343
"stock-n","nouns modified by ""%w""","market-n",15571,15.42857,10.808
"Real-n","nouns modified by ""%w""","Madrid-n",15533,15.39092,13.335
"former-j","nouns modified by ""%w""","minister-n",15417,15.27598,9.695
"only-j","nouns modified by ""%w""","way-n",15413,15.27202,10.142
"pre-tax-j","nouns modified by ""%w""","profit-n",15212,15.07286,12.522
"other-j","nouns modified by ""%w""","side-n",15147,15.00845,9.028
"Gordon-n","nouns modified by ""%w""","Brown-n",15101,14.96287,12.163
"good-j","nouns modified by ""%w""","time-n",15092,14.95396,8.508
"private-j","nouns modified by ""%w""","sector-n",15001,14.86379,10.698
"Aston-n","nouns modified by ""%w""","Villa-n",14815,14.67949,13.430
"federal-j","nouns modified by ""%w""","government-n",14745,14.61013,10.581
"New-n","nouns modified by ""%w""","Times-n",14714,14.57941,10.339
"civil-j","nouns modified by ""%w""","servant-n",14631,14.49717,12.236
"York-n","nouns modified by ""%w""","Times-n",14622,14.48825,11.724
"same-j","nouns modified by ""%w""","way-n",14555,14.42187,9.702
"High-n","nouns modified by ""%w""","Court-n",14533,14.40007,11.665
"financial-j","nouns modified by ""%w""","crisis-n",14208,14.07804,10.728
"first-j","nouns modified by ""%w""","place-n",14207,14.07705,8.823
"Mr.-n","nouns modified by ""%w""","Obama-n",14082,13.95319,10.361
"hard-j","nouns modified by ""%w""","work-n",14040,13.91158,10.786
"human-j","nouns modified by ""%w""","right-n",14033,13.90464,9.966
"good-j","nouns modified by ""%w""","friend-n",14002,13.87393,9.043
"President-n","nouns modified by ""%w""","Obama-n",13807,13.68071,11.768
"Mr-n","nouns modified by ""%w""","Blair-n",13571,13.44687,9.387
"low-j","nouns modified by ""%w""","rate-n",13499,13.37553,10.024
"other-j","nouns modified by ""%w""","thing-n",13445,13.32202,8.677
"mental-j","nouns modified by ""%w""","health-n",13276,13.15457,11.987
"second-j","nouns modified by ""%w""","time-n",13236,13.11493,8.918
"previous-j","nouns modified by ""%w""","year-n",13034,12.91478,8.750
"good-j","nouns modified by ""%w""","chance-n",12926,12.80777,8.962
"high-j","nouns modified by ""%w""","street-n",12919,12.80083,10.002
"several-j","nouns modified by ""%w""","year-n",12909,12.79092,8.618
"chief-j","nouns modified by ""%w""","minister-n",12886,12.76813,9.702
"same-j","nouns modified by ""%w""","period-n",12870,12.75228,9.922
"world-n","nouns modified by ""%w""","champion-n",12756,12.63932,10.977
"last-j","nouns modified by ""%w""","weekend-n",12665,12.54916,8.560
"Lib-n","nouns modified by ""%w""","Dems-n",12636,12.52042,13.416
"Saudi-n","nouns modified by ""%w""","Arabia-n",12616,12.50060,13.730
"senior-j","nouns modified by ""%w""","officer-n",12597,12.48178,10.090
"Sri-n","nouns modified by ""%w""","Lanka-n",12516,12.40152,13.503
"great-j","nouns modified by ""%w""","deal-n",12254,12.14191,9.519
"Home-n","nouns modified by ""%w""","Office-n",12228,12.11615,11.892
"public-j","nouns modified by ""%w""","service-n",12173,12.06166,9.431
"civil-j","nouns modified by ""%w""","war-n",12149,12.03787,11.270
"new-j","nouns modified by ""%w""","rule-n",12038,11.92789,8.406
"young-j","nouns modified by ""%w""","player-n",12002,11.89222,9.395
"Labour-n","nouns modified by ""%w""","MP-n",11848,11.73963,11.035
"head-n","nouns modified by ""%w""","coach-n",11833,11.72477,11.628
"small-j","nouns modified by ""%w""","business-n",11815,11.70693,9.819
"many-j","nouns modified by ""%w""","time-n",11793,11.68513,8.479
"more-j","nouns modified by ""%w""","money-n",11786,11.67820,9.343
"low-j","nouns modified by ""%w""","level-n",11658,11.55137,10.090
"first-j","nouns modified by ""%w""","year-n",11639,11.53254,7.769
"high-j","nouns modified by ""%w""","price-n",11634,11.52759,9.380
"Joe-n","nouns modified by ""%w""","Biden-n",11604,11.49786,12.302
"phone-n","nouns modified by ""%w""","call-n",11589,11.48300,11.628
"other-j","nouns modified by ""%w""","word-n",11572,11.46615,8.779
"economic-j","nouns modified by ""%w""","growth-n",11521,11.41562,10.691
"Mr-n","nouns modified by ""%w""","Johnson-n",11477,11.37202,9.028
"long-j","nouns modified by ""%w""","term-n",11469,11.36409,10.186
"Mr-n","nouns modified by ""%w""","Brown-n",11437,11.33239,9.072
"olive-j","nouns modified by ""%w""","oil-n",11303,11.19961,12.288
"good-j","nouns modified by ""%w""","idea-n",11300,11.19664,8.765
"heart-n","nouns modified by ""%w""","attack-n",11278,11.17484,11.240
"recent-j","nouns modified by ""%w""","week-n",11273,11.16989,9.233
"young-j","nouns modified by ""%w""","child-n",11264,11.16097,9.797
"primary-j","nouns modified by ""%w""","school-n",11238,11.13521,10.698
"general-j","nouns modified by ""%w""","secretary-n",11224,11.12134,10.603
"first-j","nouns modified by ""%w""","quarter-n",11204,11.10152,8.647
"North-n","nouns modified by ""%w""","Korea-n",11148,11.04603,11.643
"Saturday-n","nouns modified by ""%w""","night-n",11118,11.01631,10.076
"few-j","nouns modified by ""%w""","people-n",11069,10.96775,8.838
"credit-n","nouns modified by ""%w""","card-n",11009,10.90830,11.416
"other-j","nouns modified by ""%w""","member-n",11000,10.89938,8.479
"Second-n","nouns modified by ""%w""","War-n",10915,10.81516,12.383
"other-j","nouns modified by ""%w""","way-n",10909,10.80922,8.420
"fund-n","nouns modified by ""%w""","manager-n",10846,10.74679,10.676
"only-j","nouns modified by ""%w""","thing-n",10846,10.74679,9.534
"house-n","nouns modified by ""%w""","price-n",10813,10.71410,10.493
"European-n","nouns modified by ""%w""","Union-n",10802,10.70320,11.724
"Sunday-n","nouns modified by ""%w""","Times-n",10730,10.63185,11.357
"world-n","nouns modified by ""%w""","war-n",10669,10.57141,10.640
"last-j","nouns modified by ""%w""","day-n",10662,10.56448,7.988
"security-n","nouns modified by ""%w""","force-n",10570,10.47332,10.479
"right-j","nouns modified by ""%w""","thing-n",10527,10.43071,9.775
"legal-j","nouns modified by ""%w""","action-n",10513,10.41684,10.632
"first-j","nouns modified by ""%w""","round-n",10499,10.40297,8.516
"financial-j","nouns modified by ""%w""","year-n",10489,10.39306,8.325
"vast-j","nouns modified by ""%w""","majority-n",10421,10.32568,12.214
"several-j","nouns modified by ""%w""","time-n",10408,10.31280,8.801
"South-n","nouns modified by ""%w""","Korea-n",10407,10.31181,10.896
"executive-j","nouns modified by ""%w""","director-n",10406,10.31082,10.405
"World-n","nouns modified by ""%w""","championship-n",10319,10.22461,10.244
"central-j","nouns modified by ""%w""","bank-n",10301,10.20678,10.779
"good-j","nouns modified by ""%w""","place-n",10301,10.20678,8.464
"same-j","nouns modified by ""%w""","thing-n",10269,10.17507,9.116
"age-n","nouns modified by ""%w""","group-n",10244,10.15030,9.944
"Wall-n","nouns modified by ""%w""","Street-n",10243,10.14931,11.006
"old-j","nouns modified by ""%w""","people-n",10161,10.06806,8.918
"Liberal-n","nouns modified by ""%w""","Democrats-n",10141,10.04824,12.998
"good-j","nouns modified by ""%w""","deal-n",10036,9.94420,8.442
"other-j","nouns modified by ""%w""","part-n",10004,9.91249,8.420
"Sky-n","nouns modified by ""%w""","Sports-n",9994,9.90259,12.551
"bank-n","nouns modified by ""%w""","account-n",9982,9.89070,11.101
"George-n","nouns modified by ""%w""","Osborne-n",9935,9.84413,11.738
"care-n","nouns modified by ""%w""","home-n",9929,9.83818,10.457
"important-j","nouns modified by ""%w""","thing-n",9909,9.81836,9.768
"health-n","nouns modified by ""%w""","service-n",9901,9.81044,9.504
"Abu-n","nouns modified by ""%w""","Dhabi-n",9900,9.80945,13.225
"past-j","nouns modified by ""%w""","decade-n",9893,9.80251,11.189
"first-j","nouns modified by ""%w""","game-n",9877,9.78666,8.215
"few-j","nouns modified by ""%w""","minute-n",9849,9.75891,9.607
"Alex-n","nouns modified by ""%w""","Ferguson-n",9837,9.74702,12.104
"recent-j","nouns modified by ""%w""","month-n",9803,9.71333,9.336
"first-j","nouns modified by ""%w""","test-n",9672,9.58353,8.303
"close-j","nouns modified by ""%w""","friend-n",9663,9.57461,11.006
"past-j","nouns modified by ""%w""","week-n",9658,9.56966,9.263
"good-j","nouns modified by ""%w""","team-n",9577,9.48940,8.171
"first-j","nouns modified by ""%w""","step-n",9541,9.45373,8.406
"government-n","nouns modified by ""%w""","official-n",9491,9.40419,9.526
"many-j","nouns modified by ""%w""","way-n",9469,9.38239,8.699
"car-n","nouns modified by ""%w""","park-n",9438,9.35167,11.226
"new-j","nouns modified by ""%w""","home-n",9426,9.33978,7.988
"good-j","nouns modified by ""%w""","job-n",9419,9.33285,8.420
"bad-j","nouns modified by ""%w""","news-n",9393,9.30708,10.325
"more-j","nouns modified by ""%w""","information-n",9381,9.29519,9.072
"new-j","nouns modified by ""%w""","law-n",9363,9.27736,8.054
"public-j","nouns modified by ""%w""","sector-n",9348,9.26250,9.526
"few-j","nouns modified by ""%w""","hour-n",9293,9.20800,9.446
"wide-j","nouns modified by ""%w""","range-n",9288,9.20304,11.233
"Crystal-n","nouns modified by ""%w""","Palace-n",9287,9.20205,12.793
"police-n","nouns modified by ""%w""","force-n",9197,9.11288,9.797
"United-n","nouns modified by ""%w""","Nations-n",9185,9.10099,10.647
"Municipal-n","nouns modified by ""%w""","Corporation-n",9169,9.08513,12.046
"Mr-n","nouns modified by ""%w""","Major-n",9168,9.08414,8.875
"civic-j","nouns modified by ""%w""","body-n",9160,9.07621,11.416
"same-j","nouns modified by ""%w""","day-n",9143,9.05937,8.831
"next-j","nouns modified by ""%w""","election-n",9118,9.03460,9.219
"New-n","nouns modified by ""%w""","Delhi-n",9060,8.97713,9.724
"European-j","nouns modified by ""%w""","championship-n",9038,8.95533,10.259
"national-j","nouns modified by ""%w""","team-n",9029,8.94641,9.233
"new-j","nouns modified by ""%w""","series-n",9011,8.92858,7.988
"San-n","nouns modified by ""%w""","Francisco-n",9010,8.92759,12.712
"new-j","nouns modified by ""%w""","book-n",8995,8.91272,7.996
"death-n","nouns modified by ""%w""","toll-n",8986,8.90381,12.053
"United-n","nouns modified by ""%w""","Kingdom-n",8957,8.87507,10.625
"early-j","nouns modified by ""%w""","year-n",8953,8.87111,8.047
"first-j","nouns modified by ""%w""","dose-n",8887,8.80571,8.333
"Crown-n","nouns modified by ""%w""","Court-n",8881,8.79977,11.255
"first-j","nouns modified by ""%w""","goal-n",8880,8.79878,8.230
"foreign-j","nouns modified by ""%w""","minister-n",8875,8.79382,9.600
"Margaret-n","nouns modified by ""%w""","Thatcher-n",8866,8.78490,12.690
"human-j","nouns modified by ""%w""","being-n",8857,8.77599,11.123
"much-j","nouns modified by ""%w""","time-n",8834,8.75320,8.691
"Wayne-n","nouns modified by ""%w""","Rooney-n",8802,8.72149,13.115
"old-j","nouns modified by ""%w""","man-n",8776,8.69573,9.116
"early-j","nouns modified by ""%w""","day-n",8773,8.69275,9.043
"complete-j","nouns modified by ""%w""","version-n",8731,8.65114,11.182
"late-j","nouns modified by ""%w""","news-n",8720,8.64024,9.614
"first-j","nouns modified by ""%w""","thing-n",8686,8.60655,7.974
"whole-j","nouns modified by ""%w""","thing-n",8675,8.59565,9.512
"new-j","nouns modified by ""%w""","system-n",8671,8.59169,7.747
"Donald-n","nouns modified by ""%w""","Trump-n",8622,8.54314,12.896
"Friday-n","nouns modified by ""%w""","night-n",8605,8.52629,9.739
"secondary-j","nouns modified by ""%w""","school-n",8548,8.46981,10.442
"high-j","nouns modified by ""%w""","education-n",8533,8.45495,9.358
"Great-n","nouns modified by ""%w""","Britain-n",8512,8.43414,11.782
"economic-j","nouns modified by ""%w""","recovery-n",8482,8.40442,10.706
"local-j","nouns modified by ""%w""","government-n",8473,8.39550,9.065
"England-n","nouns modified by ""%w""","team-n",8462,8.38460,9.321
"bad-j","nouns modified by ""%w""","thing-n",8456,8.37865,9.343
"Tory-n","nouns modified by ""%w""","MP-n",8410,8.33307,11.101
"box-n","nouns modified by ""%w""","office-n",8408,8.33109,11.189
"family-n","nouns modified by ""%w""","home-n",8395,8.31821,9.812
"private-j","nouns modified by ""%w""","company-n",8386,8.30929,8.948
"long-j","nouns modified by ""%w""","period-n",8360,8.28353,9.709
"housing-n","nouns modified by ""%w""","market-n",8359,8.28254,9.885
"other-j","nouns modified by ""%w""","state-n",8343,8.26669,8.201
"other-j","nouns modified by ""%w""","day-n",8323,8.24687,7.922
"Europa-n","nouns modified by ""%w""","League-n",8317,8.24093,10.823
"early-j","nouns modified by ""%w""","stage-n",8306,8.23003,9.834
"new-j","nouns modified by ""%w""","year-n",8261,8.18544,7.131
"high-j","nouns modified by ""%w""","school-n",8254,8.17850,8.933
"different-j","nouns modified by ""%w""","way-n",8226,8.15076,9.270
"Tuesday-n","nouns modified by ""%w""","night-n",8195,8.12004,9.709
"high-j","nouns modified by ""%w""","standard-n",8186,8.11112,9.270
"next-j","nouns modified by ""%w""","time-n",8138,8.06356,8.098
"former-j","nouns modified by ""%w""","president-n",8132,8.05762,9.233
"joint-j","nouns modified by ""%w""","venture-n",8121,8.04672,11.899
"Goldman-n","nouns modified by ""%w""","Sachs-n",8121,8.04672,13.569
"world-n","nouns modified by ""%w""","championship-n",8113,8.03879,10.215
"new-j","nouns modified by ""%w""","generation-n",8108,8.03384,7.930
"Labour-n","nouns modified by ""%w""","Party-n",8063,7.98925,10.706
"Stock-n","nouns modified by ""%w""","Exchange-n",8059,7.98529,12.917
"market-n","nouns modified by ""%w""","share-n",8056,7.98231,10.544
"big-j","nouns modified by ""%w""","company-n",8040,7.96646,8.303
"railway-n","nouns modified by ""%w""","station-n",8039,7.96547,10.398
"other-j","nouns modified by ""%w""","player-n",8039,7.96547,7.915
"income-n","nouns modified by ""%w""","tax-n",8038,7.96448,11.145
"Sir-n","nouns modified by ""%w""","Ferguson-n",8031,7.95754,10.413
"own-j","nouns modified by ""%w""","life-n",8026,7.95259,8.845
"John-n","nouns modified by ""%w""","Major-n",8023,7.94961,10.127
"Wednesday-n","nouns modified by ""%w""","night-n",8003,7.92980,9.666
"Home-n","nouns modified by ""%w""","Secretary-n",7980,7.90701,11.248
"party-n","nouns modified by ""%w""","leader-n",7975,7.90205,9.739
"new-j","nouns modified by ""%w""","contract-n",7956,7.88323,7.878
"pension-n","nouns modified by ""%w""","fund-n",7950,7.87728,10.625
"Royal-n","nouns modified by ""%w""","Bank-n",7946,7.87332,10.244
"home-n","nouns modified by ""%w""","secretary-n",7942,7.86936,9.863
"European-j","nouns modified by ""%w""","country-n",7926,7.85350,9.724
"York-n","nouns modified by ""%w""","City-n",7913,7.84062,10.317
"blood-n","nouns modified by ""%w""","pressure-n",7888,7.81585,11.204
"good-j","nouns modified by ""%w""","reason-n",7869,7.79702,8.223
"balance-n","nouns modified by ""%w""","sheet-n",7859,7.78711,12.529
"Grand-n","nouns modified by ""%w""","Prix-n",7858,7.78612,12.119
"College-n","nouns modified by ""%w""","London-n",7852,7.78018,10.610
"new-j","nouns modified by ""%w""","variant-n",7826,7.75442,7.886
"first-j","nouns modified by ""%w""","week-n",7803,7.73163,7.659
"cent-n","nouns modified by ""%w""","rise-n",7787,7.71577,10.603
"member-n","nouns modified by ""%w""","state-n",7786,7.71478,10.684
"plan-n","verbs with ""%w"" as object","announce-v",7782,7.71082,10.127
"announce-v","objects of ""%w""","plan-n",7782,7.71082,10.127
"Buckingham-n","nouns modified by ""%w""","Palace-n",7778,7.70686,12.603
"Sunday-n","nouns modified by ""%w""","night-n",7775,7.70388,9.453
"New-n","nouns modified by ""%w""","City-n",7767,7.69596,9.197
"other-j","nouns modified by ""%w""","area-n",7760,7.68902,7.930
"breast-n","nouns modified by ""%w""","cancer-n",7749,7.67812,12.332
"South-n","nouns modified by ""%w""","Wales-n",7737,7.66623,10.413
"many-j","nouns modified by ""%w""","thing-n",7723,7.65236,8.340
"heart-n","nouns modified by ""%w""","disease-n",7712,7.64146,11.409
"social-j","nouns modified by ""%w""","worker-n",7705,7.63452,9.563
"Royal-n","nouns modified by ""%w""","College-n",7694,7.62362,10.215
"vice-j","nouns modified by ""%w""","president-n",7691,7.62065,11.226
"second-j","nouns modified by ""%w""","round-n",7677,7.60678,9.277
"many-j","nouns modified by ""%w""","other-n",7668,7.59786,8.889
"first-j","nouns modified by ""%w""","leg-n",7641,7.57111,8.120
"private-j","nouns modified by ""%w""","firm-n",7639,7.56913,9.636
"Daily-n","nouns modified by ""%w""","Mail-n",7628,7.55823,11.921
"Monday-n","nouns modified by ""%w""","night-n",7607,7.53742,9.578
"rural-j","nouns modified by ""%w""","area-n",7591,7.52157,9.812
"security-n","nouns modified by ""%w""","guard-n",7555,7.48590,10.815
"TV-n","nouns modified by ""%w""","show-n",7532,7.46311,9.951
"estate-n","nouns modified by ""%w""","agent-n",7530,7.46112,11.658
"related-j","nouns modified by ""%w""","post-n",7528,7.45914,11.731
"Barack-n","nouns modified by ""%w""","Obama-n",7522,7.45320,12.024
"last-j","nouns modified by ""%w""","November-n",7509,7.44032,7.842
"armed-j","nouns modified by ""%w""","force-n",7499,7.43041,10.581
"second-j","nouns modified by ""%w""","quarter-n",7493,7.42446,9.351
"Soviet-n","nouns modified by ""%w""","Union-n",7485,7.41654,11.855
"other-j","nouns modified by ""%w""","end-n",7485,7.41654,8.142
"Covid-19-n","nouns modified by ""%w""","vaccine-n",7483,7.41455,11.226
"former-j","nouns modified by ""%w""","chairman-n",7483,7.41455,9.124
"spending-n","nouns modified by ""%w""","cut-n",7470,7.40167,11.079
"football-n","nouns modified by ""%w""","club-n",7463,7.39474,10.208
"high-j","nouns modified by ""%w""","number-n",7461,7.39276,8.765
"swimming-n","nouns modified by ""%w""","pool-n",7440,7.37195,12.397
"final-j","nouns modified by ""%w""","day-n",7436,7.36798,8.962
"former-j","nouns modified by ""%w""","director-n",7423,7.35510,8.801
"announce-v","pronominal subjects of ""%w""","it-d",7423,7.35510,5.461
"Labour-n","nouns modified by ""%w""","leader-n",7377,7.30952,9.600
"new-j","nouns modified by ""%w""","deal-n",7369,7.30160,7.644
"US-n","nouns modified by ""%w""","Open-n",7364,7.29664,10.024
"Stamford-n","nouns modified by ""%w""","Bridge-n",7357,7.28971,12.683
"British-j","nouns modified by ""%w""","government-n",7350,7.28277,8.735
"Super-n","nouns modified by ""%w""","League-n",7324,7.25701,10.544
"Prince-n","nouns modified by ""%w""","Harry-n",7321,7.25404,12.075
"Web-n","nouns modified by ""%w""","site-n",7315,7.24809,10.955
"past-j","nouns modified by ""%w""","month-n",7312,7.24512,9.233
"second-j","nouns modified by ""%w""","place-n",7303,7.23620,8.926
"public-j","nouns modified by ""%w""","transport-n",7291,7.22431,9.541
"election-n","nouns modified by ""%w""","campaign-n",7268,7.20152,10.530
"middle-j","nouns modified by ""%w""","class-n",7255,7.18864,11.365
"other-j","nouns modified by ""%w""","company-n",7250,7.18369,7.659
"Mr-n","nouns modified by ""%w""","Clarke-n",7241,7.17477,8.486
"oil-n","nouns modified by ""%w""","price-n",7234,7.16783,9.805
"Jose-n","nouns modified by ""%w""","Mourinho-n",7226,7.15990,12.983
"Prince-n","nouns modified by ""%w""","Charles-n",7203,7.13712,12.039
"vaccine-n","nouns modified by ""%w""","rollout-n",7178,7.11234,11.775
"Foreign-n","nouns modified by ""%w""","Office-n",7172,7.10640,11.335
"young-j","nouns modified by ""%w""","girl-n",7168,7.10244,9.226
"royal-j","nouns modified by ""%w""","family-n",7152,7.08658,10.500
"red-j","nouns modified by ""%w""","card-n",7142,7.07667,10.435
"small-j","nouns modified by ""%w""","number-n",7135,7.06974,9.080
"real-j","nouns modified by ""%w""","life-n",7132,7.06676,9.277
"insurance-n","nouns modified by ""%w""","company-n",7128,7.06280,9.146
"West-n","nouns modified by ""%w""","Brom-n",7127,7.06181,10.706
"Nick-n","nouns modified by ""%w""","Clegg-n",7122,7.05686,12.075
"large-j","nouns modified by ""%w""","company-n",7097,7.03208,8.560
"Royal-n","nouns modified by ""%w""","Mail-n",7091,7.02614,10.596
"such-j","nouns modified by ""%w""","thing-n",7086,7.02119,8.845
"Tottenham-n","nouns modified by ""%w""","hotspur-n",7084,7.01920,13.049
"role-n","nouns modified by ""%w""","model-n",7081,7.01623,11.328
"Delta-n","nouns modified by ""%w""","variant-n",7076,7.01128,12.039
"power-n","nouns modified by ""%w""","station-n",7062,6.99740,9.944
"early-j","nouns modified by ""%w""","hour-n",7057,6.99245,9.592
"Thursday-n","nouns modified by ""%w""","night-n",7024,6.95975,9.490
"building-n","nouns modified by ""%w""","society-n",7001,6.93696,11.350
"right-j","nouns modified by ""%w""","time-n",6977,6.91318,8.362
"next-j","nouns modified by ""%w""","door-n",6975,6.91120,9.014
"serious-j","nouns modified by ""%w""","injury-n",6965,6.90129,10.332
"presidential-j","nouns modified by ""%w""","election-n",6963,6.89931,10.750
"general-j","nouns modified by ""%w""","manager-n",6961,6.89733,9.614
"second-j","nouns modified by ""%w""","war-n",6957,6.89337,9.124
"new-j","nouns modified by ""%w""","job-n",6954,6.89039,7.615
"High-n","nouns modified by ""%w""","School-n",6946,6.88247,10.559
"league-n","nouns modified by ""%w""","game-n",6933,6.86958,9.687
"good-j","nouns modified by ""%w""","day-n",6933,6.86958,7.673
"British-n","nouns modified by ""%w""","Airways-n",6933,6.86958,11.277
"common-j","nouns modified by ""%w""","sense-n",6932,6.86859,10.955
"private-j","nouns modified by ""%w""","school-n",6919,6.85571,9.277
"National-n","nouns modified by ""%w""","Statistics-n",6885,6.82202,10.288
"central-j","nouns modified by ""%w""","government-n",6885,6.82202,9.321
"Tamil-j","nouns modified by ""%w""","Nadu-n",6880,6.81707,13.262
"large-j","nouns modified by ""%w""","part-n",6862,6.79923,9.146
"police-n","nouns modified by ""%w""","official-n",6855,6.79230,8.955
"transfer-n","nouns modified by ""%w""","window-n",6839,6.77644,11.621
"last-j","nouns modified by ""%w""","October-n",6822,6.75960,7.703
"sexual-j","nouns modified by ""%w""","assault-n",6811,6.74870,11.306
"annual-j","nouns modified by ""%w""","meeting-n",6797,6.73483,10.039
"Co.-n","nouns modified by ""%w""","Uk-n",6784,6.72195,13.833
"city-n","nouns modified by ""%w""","centre-n",6781,6.71898,10.054
"oil-n","nouns modified by ""%w""","company-n",6774,6.71204,8.984
"Ed-n","nouns modified by ""%w""","Miliband-n",6771,6.70907,12.412
"hotel-n","nouns modified by ""%w""","room-n",6765,6.70312,10.464
"trade-n","nouns modified by ""%w""","union-n",6752,6.69024,11.086
"yesterday-n","nouns modified by ""%w""","morning-n",6745,6.68330,11.064
"huge-j","nouns modified by ""%w""","amount-n",6743,6.68132,10.068
"text-n","nouns modified by ""%w""","message-n",6729,6.66745,11.687
"investment-n","nouns modified by ""%w""","bank-n",6723,6.66151,10.413
"percentage-n","nouns modified by ""%w""","point-n",6717,6.65556,10.662
"director-n","nouns modified by ""%w""","general-n",6711,6.64962,11.057
"world-n","nouns modified by ""%w""","record-n",6695,6.63376,9.827
"vaccination-n","nouns modified by ""%w""","programme-n",6684,6.62286,10.083
"North-n","nouns modified by ""%w""","America-n",6684,6.62286,10.801
"former-j","nouns modified by ""%w""","executive-n",6671,6.60998,8.618
"staff-n","nouns modified by ""%w""","member-n",6664,6.60305,9.819
"AstraZeneca-n","nouns modified by ""%w""","vaccine-n",6658,6.59710,11.650
"last-j","nouns modified by ""%w""","Friday-n",6641,6.58026,7.659
"New-n","nouns modified by ""%w""","Jersey-n",6631,6.57035,9.395
"good-j","nouns modified by ""%w""","performance-n",6630,6.56936,7.930
"coronavirus-n","nouns modified by ""%w""","pandemic-n",6623,6.56242,11.724
"third-j","nouns modified by ""%w""","quarter-n",6604,6.54359,10.127
"Bayern-n","nouns modified by ""%w""","Munich-n",6602,6.54161,13.591
"high-j","nouns modified by ""%w""","risk-n",6601,6.54062,8.955
"Olympic-n","nouns modified by ""%w""","Games-n",6598,6.53765,12.046
"cent-n","nouns modified by ""%w""","increase-n",6596,6.53567,10.413
"heavy-j","nouns modified by ""%w""","rain-n",6591,6.53071,11.387
"Financial-n","nouns modified by ""%w""","Authority-n",6589,6.52873,11.233
"last-j","nouns modified by ""%w""","September-n",6578,6.51783,7.644
"more-j","nouns modified by ""%w""","detail-n",6576,6.51585,8.582
"good-j","nouns modified by ""%w""","value-n",6561,6.50099,7.952
"global-j","nouns modified by ""%w""","warming-n",6548,6.48811,10.801
"West-n","nouns modified by ""%w""","Street-n",6542,6.48216,9.629
"health-n","nouns modified by ""%w""","care-n",6524,6.46433,9.805
"BBC-n","nouns modified by ""%w""","Radio-n",6507,6.44748,11.306
"big-j","nouns modified by ""%w""","name-n",6465,6.40587,8.611
"cent-n","nouns modified by ""%w""","stake-n",6462,6.40289,10.881
"health-n","nouns modified by ""%w""","problem-n",6460,6.40091,9.351
"finance-n","nouns modified by ""%w""","minister-n",6443,6.38407,9.490
"total-j","nouns modified by ""%w""","number-n",6440,6.38109,9.644
"law-n","nouns modified by ""%w""","firm-n",6439,6.38010,10.273
"ice-n","nouns modified by ""%w""","cream-n",6430,6.37119,12.148
"public-j","nouns modified by ""%w""","spending-n",6422,6.36326,9.233
"right-n","nouns modified by ""%w""","issue-n",6417,6.35830,9.995
"new-j","nouns modified by ""%w""","way-n",6416,6.35731,7.351
"worth-j","nouns modified by ""%w""","R-n",6404,6.34542,11.790
"West-n","nouns modified by ""%w""","Indies-n",6396,6.33750,10.574
"track-n","nouns modified by ""%w""","record-n",6387,6.32858,10.676
"last-j","nouns modified by ""%w""","minute-n",6383,6.32462,7.556
"big-j","nouns modified by ""%w""","problem-n",6372,6.31372,8.413
"average-j","nouns modified by ""%w""","price-n",6372,6.31372,9.614
"Las-n","nouns modified by ""%w""","Vegas-n",6371,6.31273,13.540
"many-j","nouns modified by ""%w""","case-n",6367,6.30876,8.157
"central-j","nouns modified by ""%w""","London-n",6363,6.30480,9.856
"minimum-j","nouns modified by ""%w""","wage-n",6351,6.29291,12.046
"Czech-n","nouns modified by ""%w""","Republic-n",6349,6.29093,12.910
"own-j","nouns modified by ""%w""","way-n",6330,6.27210,8.384
"much-j","nouns modified by ""%w""","money-n",6325,6.26715,9.937
"private-j","nouns modified by ""%w""","life-n",6324,6.26616,9.094
"new-j","nouns modified by ""%w""","technology-n",6314,6.25625,7.556
"first-j","nouns modified by ""%w""","minister-n",6313,6.25526,7.534
"foreign-j","nouns modified by ""%w""","policy-n",6286,6.22850,9.592
"Nicola-n","nouns modified by ""%w""","Sturgeon-n",6269,6.21166,12.874
"Obama-n","nouns modified by ""%w""","administration-n",6266,6.20869,11.724
"All-n","nouns modified by ""%w""","Blacks-n",6253,6.19580,13.064
"late-j","nouns modified by ""%w""","figure-n",6248,6.19085,8.882
"next-j","nouns modified by ""%w""","step-n",6243,6.18590,8.794
"second-j","nouns modified by ""%w""","dose-n",6240,6.18292,9.131
"high-j","nouns modified by ""%w""","cost-n",6236,6.17896,8.706
"opposition-n","nouns modified by ""%w""","party-n",6235,6.17797,9.900
"English-j","nouns modified by ""%w""","football-n",6234,6.17698,10.522
"England-n","nouns modified by ""%w""","player-n",6230,6.17302,8.926
"Harry-n","nouns modified by ""%w""","Kane-n",6230,6.17302,12.017
"yellow-j","nouns modified by ""%w""","card-n",6221,6.16410,10.808
"new-j","nouns modified by ""%w""","life-n",6218,6.16112,7.366
"announce-v","pronominal subjects of ""%w""","he-d",6216,6.15914,5.168
"supply-n","nouns modified by ""%w""","chain-n",6210,6.15320,11.372
"terrorist-j","nouns modified by ""%w""","attack-n",6206,6.14923,10.596
"social-j","nouns modified by ""%w""","distancing-n",6191,6.13437,9.944
"second-j","nouns modified by ""%w""","day-n",6190,6.13338,8.296
"local-j","nouns modified by ""%w""","community-n",6182,6.12545,9.189
"little-j","nouns modified by ""%w""","girl-n",6179,6.12248,9.365
"European-n","nouns modified by ""%w""","Commission-n",6176,6.11951,10.647
"many-j","nouns modified by ""%w""","woman-n",6159,6.10266,8.215
"short-j","nouns modified by ""%w""","term-n",6156,6.09969,10.054
"long-j","nouns modified by ""%w""","run-n",6149,6.09276,9.453
"golf-n","nouns modified by ""%w""","course-n",6131,6.07492,10.903
"social-j","nouns modified by ""%w""","care-n",6124,6.06798,9.570
"yesterday-n","verbs with ""%w"" as object","announce-v",6121,6.06501,9.468
"announce-v","objects of ""%w""","yesterday-n",6121,6.06501,9.468
"pregnant-j","nouns modified by ""%w""","woman-n",6119,6.06303,10.076
"Matt-n","nouns modified by ""%w""","Hancock-n",6102,6.04619,12.024
"Cup-n","nouns modified by ""%w""","final-n",6100,6.04420,10.728
"small-j","nouns modified by ""%w""","company-n",6093,6.03727,8.340
"National-n","nouns modified by ""%w""","Association-n",6087,6.03132,9.497
"news-n","nouns modified by ""%w""","conference-n",6082,6.02637,10.457
"small-j","nouns modified by ""%w""","town-n",6073,6.01745,9.299
"first-j","nouns modified by ""%w""","match-n",6073,6.01745,7.681
"Gold-n","nouns modified by ""%w""","Cup-n",6072,6.01646,10.090
"midfield-n","nouns modified by ""%w""","player-n",6062,6.00655,9.373
"former-j","nouns modified by ""%w""","player-n",6052,5.99664,8.281
"several-j","nouns modified by ""%w""","month-n",6045,5.98971,8.691
"last-j","nouns modified by ""%w""","thing-n",6045,5.98971,7.219
"knee-n","nouns modified by ""%w""","injury-n",6041,5.98574,11.072
"first-j","nouns modified by ""%w""","appearance-n",6030,5.97484,7.769
"power-n","nouns modified by ""%w""","plant-n",6023,5.96791,10.435
"health-n","nouns modified by ""%w""","secretary-n",6004,5.94908,9.329
"League-n","nouns modified by ""%w""","game-n",5981,5.92629,9.211
"former-j","nouns modified by ""%w""","secretary-n",5979,5.92431,8.669
"public-j","nouns modified by ""%w""","interest-n",5978,5.92332,8.977
"finance-n","nouns modified by ""%w""","director-n",5975,5.92035,9.739
"third-j","nouns modified by ""%w""","time-n",5958,5.90350,8.098
"Central-n","nouns modified by ""%w""","Bank-n",5948,5.89359,10.603
"first-j","nouns modified by ""%w""","season-n",5947,5.89260,7.542
"Steven-n","nouns modified by ""%w""","Gerrard-n",5942,5.88765,12.507
"late-j","nouns modified by ""%w""","year-n",5927,5.87279,7.373
"new-j","nouns modified by ""%w""","government-n",5917,5.86288,7.219
"district-n","nouns modified by ""%w""","administration-n",5913,5.85891,11.101
"hedge-j","nouns modified by ""%w""","fund-n",5895,5.84108,10.618
"other-j","nouns modified by ""%w""","group-n",5891,5.83712,7.432
"state-n","nouns modified by ""%w""","pension-n",5886,5.83216,9.973
"pension-n","nouns modified by ""%w""","scheme-n",5878,5.82423,9.973
"John-n","nouns modified by ""%w""","Lewis-n",5865,5.81135,9.622
"last-j","nouns modified by ""%w""","decade-n",5840,5.78658,7.461
"home-n","nouns modified by ""%w""","side-n",5835,5.78163,9.343
"David-n","nouns modified by ""%w""","Beckham-n",5828,5.77469,9.819
"nuclear-j","nouns modified by ""%w""","weapon-n",5824,5.77073,11.108
"Andy-n","nouns modified by ""%w""","Murray-n",5823,5.76974,11.445
"select-j","nouns modified by ""%w""","committee-n",5820,5.76677,10.676
"local-j","nouns modified by ""%w""","people-n",5810,5.75686,8.098
"former-j","nouns modified by ""%w""","head-n",5801,5.74794,8.816
"west-j","nouns modified by ""%w""","London-n",5801,5.74794,10.303
"UK-n","nouns modified by ""%w""","government-n",5785,5.73209,8.838
"east-j","nouns modified by ""%w""","London-n",5785,5.73209,10.303
"first-j","nouns modified by ""%w""","lockdown-n",5781,5.72812,7.732
"President-n","nouns modified by ""%w""","Jonathan-n",5775,5.72218,11.013
"penalty-n","nouns modified by ""%w""","area-n",5771,5.71821,9.475
"Mr-n","nouns modified by ""%w""","Smith-n",5770,5.71722,8.040
"announce-v","pronominal objects of ""%w""","it-d",5768,5.71524,6.633
"family-n","nouns modified by ""%w""","life-n",5766,5.71326,9.182
"small-j","nouns modified by ""%w""","group-n",5754,5.70137,8.398
"Royal-n","nouns modified by ""%w""","Family-n",5746,5.69344,10.383
"shadow-n","nouns modified by ""%w""","secretary-n",5745,5.69245,10.288
"British-j","nouns modified by ""%w""","company-n",5742,5.68948,8.120
"New-n","nouns modified by ""%w""","Orleans-n",5731,5.67858,9.197
"first-j","nouns modified by ""%w""","team-n",5724,5.67164,7.336
"announce-v","in passive","announce-v",5721,5.66867,13.994
"next-j","nouns modified by ""%w""","generation-n",5716,5.66372,8.728
"good-j","nouns modified by ""%w""","luck-n",5711,5.65876,7.871
"many-j","nouns modified by ""%w""","country-n",5695,5.64291,8.135
"good-j","nouns modified by ""%w""","result-n",5681,5.62904,7.732
"health-n","nouns modified by ""%w""","official-n",5671,5.61913,8.787
"Sheffield-n","nouns modified by ""%w""","United-n",5667,5.61516,10.742
"Football-n","nouns modified by ""%w""","Association-n",5659,5.60724,10.464
"sexual-j","nouns modified by ""%w""","harassment-n",5651,5.59931,11.262
"home-n","nouns modified by ""%w""","game-n",5634,5.58247,8.926
"training-n","nouns modified by ""%w""","session-n",5625,5.57355,10.706
"big-j","nouns modified by ""%w""","thing-n",5624,5.57256,7.974
"financial-j","nouns modified by ""%w""","institution-n",5623,5.57157,9.636
"pay-n","nouns modified by ""%w""","rise-n",5611,5.55968,10.735
"international-j","nouns modified by ""%w""","community-n",5611,5.55968,9.490
"difficult-j","nouns modified by ""%w""","time-n",5591,5.53986,8.201
"South-n","nouns modified by ""%w""","America-n",5589,5.53788,9.929
"justice-n","nouns modified by ""%w""","system-n",5588,5.53689,9.270
"big-j","nouns modified by ""%w""","game-n",5586,5.53491,8.047
"Andhra-n","nouns modified by ""%w""","Pradesh-n",5580,5.52896,12.559
"Keir-n","nouns modified by ""%w""","Starmer-n",5571,5.52004,13.298
"Royal-n","nouns modified by ""%w""","Society-n",5565,5.51410,9.937
"first-time-j","nouns modified by ""%w""","buyer-n",5561,5.51013,12.039
"phone-n","nouns modified by ""%w""","number-n",5545,5.49428,9.585
"health-n","nouns modified by ""%w""","minister-n",5539,5.48834,8.706
"Gareth-n","nouns modified by ""%w""","Southgate-n",5529,5.47843,12.632
"Covid-n","nouns modified by ""%w""","case-n",5527,5.47645,9.219
"right-j","nouns modified by ""%w""","direction-n",5519,5.46852,10.273
"England-n","nouns modified by ""%w""","captain-n",5518,5.46753,10.039
"Ryder-n","nouns modified by ""%w""","Cup-n",5515,5.46456,9.988
"old-j","nouns modified by ""%w""","friend-n",5515,5.46456,9.058
"third-j","nouns modified by ""%w""","round-n",5509,5.45861,9.673
"Sky-n","nouns modified by ""%w""","News-n",5502,5.45167,11.299
"non-executive-j","nouns modified by ""%w""","director-n",5501,5.45068,9.783
"most-j","nouns modified by ""%w""","part-n",5499,5.44870,9.175
"state-n","nouns modified by ""%w""","school-n",5485,5.43483,9.028
"free-j","nouns modified by ""%w""","kick-n",5478,5.42789,10.383
"world-n","nouns modified by ""%w""","title-n",5477,5.42690,9.673
"Morgan-n","nouns modified by ""%w""","Stanley-n",5464,5.41402,12.705
"face-n","nouns modified by ""%w""","mask-n",5461,5.41105,12.119
"de-n","nouns modified by ""%w""","France-n",5446,5.39619,10.530
"Labour-n","nouns modified by ""%w""","party-n",5446,5.39619,9.365
"tax-n","nouns modified by ""%w""","rate-n",5437,5.38727,8.831
"Michael-n","nouns modified by ""%w""","Howard-n",5424,5.37439,10.237
"Frank-n","nouns modified by ""%w""","Lampard-n",5420,5.37042,12.302
"Covid-n","nouns modified by ""%w""","restriction-n",5409,5.35952,10.427
"low-j","nouns modified by ""%w""","price-n",5408,5.35853,8.970
"recent-j","nouns modified by ""%w""","day-n",5407,5.35754,8.391
"national-j","nouns modified by ""%w""","security-n",5400,5.35061,9.592
"Cristiano-n","nouns modified by ""%w""","Ronaldo-n",5399,5.34962,13.577
"public-j","nouns modified by ""%w""","health-n",5396,5.34664,8.962
"Cape-n","nouns modified by ""%w""","Town-n",5394,5.34466,12.375
"front-j","nouns modified by ""%w""","door-n",5392,5.34268,11.050
"world-n","nouns modified by ""%w""","leader-n",5387,5.33773,8.962
"water-n","nouns modified by ""%w""","supply-n",5379,5.32980,10.508
"George-n","nouns modified by ""%w""","Bush-n",5376,5.32683,10.859
"other-j","nouns modified by ""%w""","woman-n",5370,5.32088,7.498
"big-j","nouns modified by ""%w""","deal-n",5370,5.32088,8.149
"last-j","nouns modified by ""%w""","December-n",5367,5.31791,7.358
"second-j","nouns modified by ""%w""","goal-n",5366,5.31692,8.677
"government-n","verbs with ""%w"" as subject","announce-v",5364,5.31494,8.582
"announce-v","subjects of ""%w""","government-n",5364,5.31494,8.582
"market-n","nouns modified by ""%w""","value-n",5350,5.30106,9.951
"test-n","nouns modified by ""%w""","match-n",5348,5.29908,10.039
"Scott-n","nouns modified by ""%w""","Morrison-n",5344,5.29512,11.760
"local-j","nouns modified by ""%w""","council-n",5342,5.29314,9.094
"immune-j","nouns modified by ""%w""","system-n",5339,5.29016,9.255
"asylum-n","nouns modified by ""%w""","seeker-n",5328,5.27927,13.225
"service-n","nouns modified by ""%w""","provider-n",5327,5.27827,10.603
"last-j","nouns modified by ""%w""","Saturday-n",5323,5.27431,7.336
"second-j","nouns modified by ""%w""","leg-n",5319,5.27035,8.911
"Newcastle-n","nouns modified by ""%w""","United-n",5315,5.26638,10.618
"Monday-n","nouns modified by ""%w""","morning-n",5315,5.26638,10.669
"final-j","nouns modified by ""%w""","decision-n",5315,5.26638,9.424
"key-j","nouns modified by ""%w""","role-n",5307,5.25846,9.731
"same-j","nouns modified by ""%w""","year-n",5304,5.25549,7.153
"Rishi-n","nouns modified by ""%w""","Sunak-n",5292,5.24359,13.342
"last-j","nouns modified by ""%w""","Sunday-n",5287,5.23864,7.322
"football-n","nouns modified by ""%w""","team-n",5283,5.23468,8.867
"carbon-n","nouns modified by ""%w""","emission-n",5281,5.23270,12.024
"British-j","nouns modified by ""%w""","people-n",5280,5.23170,7.871
"great-j","nouns modified by ""%w""","player-n",5273,5.22477,7.996
"third-j","nouns modified by ""%w""","place-n",5263,5.21486,9.124
"National-n","nouns modified by ""%w""","Institute-n",5260,5.21189,9.534
"new-j","nouns modified by ""%w""","album-n",5240,5.19207,7.300
"National-n","nouns modified by ""%w""","Assembly-n",5233,5.18513,9.863
"good-j","nouns modified by ""%w""","part-n",5224,5.17622,7.512
"next-j","nouns modified by ""%w""","morning-n",5220,5.17225,8.523
"annual-j","nouns modified by ""%w""","report-n",5217,5.16928,9.321
"shopping-n","nouns modified by ""%w""","centre-n",5215,5.16730,10.024
"chief-j","nouns modified by ""%w""","economist-n",5211,5.16334,9.307
"clean-j","nouns modified by ""%w""","sheet-n",5210,5.16234,11.548
"second-j","nouns modified by ""%w""","year-n",5203,5.15541,7.139
"crown-n","nouns modified by ""%w""","court-n",5198,5.15045,10.339
"Democratic-n","nouns modified by ""%w""","Party-n",5196,5.14847,11.028
"Uttar-n","nouns modified by ""%w""","Pradesh-n",5194,5.14649,12.529
"summer-n","nouns modified by ""%w""","holiday-n",5184,5.13658,10.508
"dining-n","nouns modified by ""%w""","room-n",5178,5.13064,10.325
"Opera-n","nouns modified by ""%w""","House-n",5167,5.11974,10.662
"Prince-n","nouns modified by ""%w""","Philip-n",5163,5.11577,11.731
"financial-j","nouns modified by ""%w""","market-n",5159,5.11181,8.633
"Mr-n","nouns modified by ""%w""","Clinton-n",5158,5.11082,8.025
"other-j","nouns modified by ""%w""","city-n",5152,5.10488,7.556
"social-j","nouns modified by ""%w""","service-n",5152,5.10488,8.486
"big-j","nouns modified by ""%w""","challenge-n",5151,5.10388,8.318
"time-n","nouns modified by ""%w""","year-n",5147,5.09992,7.388
"Michael-n","nouns modified by ""%w""","Gove-n",5126,5.07911,10.281
"sexual-j","nouns modified by ""%w""","abuse-n",5112,5.06524,10.596
"fourth-j","nouns modified by ""%w""","quarter-n",5112,5.06524,10.508
"Gulf-n","nouns modified by ""%w""","News-n",5105,5.05831,11.592
"next-j","nouns modified by ""%w""","summer-n",5101,5.05434,8.523
"first-j","nouns modified by ""%w""","woman-n",5098,5.05137,7.336
"job-n","nouns modified by ""%w""","loss-n",5093,5.04642,10.435
"public-j","nouns modified by ""%w""","opinion-n",5092,5.04542,8.992
"good-j","nouns modified by ""%w""","work-n",5091,5.04443,7.417
"league-n","nouns modified by ""%w""","table-n",5087,5.04047,10.837
"West-j","nouns modified by ""%w""","end-n",5082,5.03552,10.903
"Federal-n","nouns modified by ""%w""","Reserve-n",5082,5.03552,12.185
"first-j","nouns modified by ""%w""","win-n",5080,5.03353,7.498
"West-n","nouns modified by ""%w""","Midlands-n",5078,5.03155,10.215
"old-j","nouns modified by ""%w""","age-n",5078,5.03155,9.036
"also-a","verbs modified by ""%w""","announce-v",5075,5.02858,6.787
"announce-v","modifiers of ""%w""","also-a",5075,5.02858,6.670
"management-n","nouns modified by ""%w""","team-n",5070,5.02363,8.896
"property-n","nouns modified by ""%w""","market-n",5068,5.02164,9.094
"New-n","nouns modified by ""%w""","Wales-n",5062,5.01570,8.904
"hard-j","nouns modified by ""%w""","time-n",5061,5.01471,8.010
"Sunday-n","nouns modified by ""%w""","morning-n",5060,5.01372,10.164
"other-j","nouns modified by ""%w""","party-n",5052,5.00579,7.395
"Covid-n","nouns modified by ""%w""","vaccine-n",5046,4.99984,10.281
"infection-n","nouns modified by ""%w""","rate-n",5045,4.99885,9.197
"monetary-j","nouns modified by ""%w""","policy-n",5038,4.99192,9.937
"own-j","nouns modified by ""%w""","home-n",5035,4.98895,8.223
"training-n","nouns modified by ""%w""","camp-n",5031,4.98498,10.684
"film-n","nouns modified by ""%w""","industry-n",5031,4.98498,9.622
"real-j","nouns modified by ""%w""","world-n",5027,4.98102,9.160
"important-j","nouns modified by ""%w""","part-n",5019,4.97309,9.351
"tough-j","nouns modified by ""%w""","time-n",5019,4.97309,8.010
"government-n","nouns modified by ""%w""","policy-n",5019,4.97309,8.970
"other-j","nouns modified by ""%w""","place-n",5009,4.96318,7.395
"Cup-n","nouns modified by ""%w""","qualifier-n",5008,4.96219,10.610
"gold-n","nouns modified by ""%w""","medal-n",5007,4.96120,11.489
"Prince-n","nouns modified by ""%w""","William-n",4998,4.95228,11.606
"Â-n","nouns modified by ""%w""","Â-n",4998,4.95228,9.563
"Madhya-n","nouns modified by ""%w""","Pradesh-n",4992,4.94634,12.478
"Health-n","nouns modified by ""%w""","Secretary-n",4988,4.94238,10.522
"growth-n","nouns modified by ""%w""","rate-n",4984,4.93841,9.094
"budget-n","nouns modified by ""%w""","deficit-n",4973,4.92751,11.475
"court-n","nouns modified by ""%w""","order-n",4963,4.91760,10.178
"board-n","nouns modified by ""%w""","member-n",4962,4.91661,9.446
"medical-j","nouns modified by ""%w""","officer-n",4961,4.91562,8.933
"health-n","nouns modified by ""%w""","authority-n",4956,4.91067,9.131
"Reuters-n","nouns modified by ""%w""","report-n",4955,4.90968,9.797
"World-n","nouns modified by ""%w""","qualifier-n",4953,4.90770,9.658
"Rugby-n","nouns modified by ""%w""","Union-n",4952,4.90670,11.138
"Conservative-n","nouns modified by ""%w""","Party-n",4951,4.90571,10.933
"new-j","nouns modified by ""%w""","owner-n",4950,4.90472,7.168
"front-j","nouns modified by ""%w""","page-n",4949,4.90373,10.413
"business-n","nouns modified by ""%w""","leader-n",4935,4.88986,8.853
"close-j","nouns modified by ""%w""","contact-n",4934,4.88887,10.720
"senior-j","nouns modified by ""%w""","executive-n",4934,4.88887,8.831
"price-n","nouns modified by ""%w""","tag-n",4928,4.88292,11.167
"first-j","nouns modified by ""%w""","set-n",4927,4.88193,7.461
"World-n","nouns modified by ""%w""","final-n",4927,4.88193,9.556
"test-n","nouns modified by ""%w""","cricket-n",4922,4.87698,10.911
"David-n","nouns modified by ""%w""","Moyes-n",4914,4.86905,9.592
"training-n","nouns modified by ""%w""","ground-n",4913,4.86806,10.449
"main-j","nouns modified by ""%w""","reason-n",4912,4.86707,9.600
"emergency-n","nouns modified by ""%w""","service-n",4909,4.86410,8.999
"new-j","nouns modified by ""%w""","car-n",4909,4.86410,7.146
"Facebook-n","nouns modified by ""%w""","page-n",4909,4.86410,10.647
"Conservative-j","nouns modified by ""%w""","MP-n",4904,4.85914,10.229
"First-n","nouns modified by ""%w""","Minister-n",4900,4.85518,10.266
"positive-j","nouns modified by ""%w""","test-n",4898,4.85320,9.629
"top-j","nouns modified by ""%w""","flight-n",4894,4.84924,9.585
"Latin-n","nouns modified by ""%w""","America-n",4894,4.84924,11.921
"other-j","nouns modified by ""%w""","team-n",4890,4.84527,7.183
"foreign-j","nouns modified by ""%w""","secretary-n",4889,4.84428,9.343
"Narendra-n","nouns modified by ""%w""","Modi-n",4887,4.84230,12.756
"good-j","nouns modified by ""%w""","form-n",4883,4.83834,7.512
"gold-j","nouns modified by ""%w""","medal-n",4874,4.82942,11.533
"Muslim-n","nouns modified by ""%w""","Brotherhood-n",4874,4.82942,13.342
"other-j","nouns modified by ""%w""","issue-n",4871,4.82645,7.373
"deputy-j","nouns modified by ""%w""","minister-n",4871,4.82645,9.014
"online-j","nouns modified by ""%w""","ref-n",4864,4.81951,10.720
"new-j","nouns modified by ""%w""","manager-n",4861,4.81654,7.014
"exchange-n","nouns modified by ""%w""","rate-n",4856,4.81158,9.116
"announcement-n","verbs with ""%w"" as object","make-v",4855,4.81059,7.087
"make-v","objects of ""%w""","announcement-n",4855,4.81059,7.087
"rugby-n","nouns modified by ""%w""","union-n",4851,4.80663,10.977
"radio-n","nouns modified by ""%w""","station-n",4848,4.80366,9.658
"news-n","nouns modified by ""%w""","agency-n",4840,4.79573,9.988
"group-n","nouns modified by ""%w""","stage-n",4838,4.79375,10.105
"ordinary-j","nouns modified by ""%w""","people-n",4837,4.79276,8.420
"reality-n","nouns modified by ""%w""","show-n",4828,4.78384,9.775
"tax-n","nouns modified by ""%w""","credit-n",4827,4.78285,10.105
"Human-n","nouns modified by ""%w""","Rights-n",4824,4.77988,12.661
"tax-n","nouns modified by ""%w""","relief-n",4822,4.77789,10.083
"National-n","nouns modified by ""%w""","Park-n",4821,4.77690,9.175
"cabinet-n","nouns modified by ""%w""","minister-n",4819,4.77492,9.146
"good-j","nouns modified by ""%w""","interest-n",4816,4.77195,7.505
"attorney-n","nouns modified by ""%w""","general-n",4813,4.76898,11.804
"new-j","nouns modified by ""%w""","show-n",4805,4.76105,7.029
"young-j","nouns modified by ""%w""","brother-n",4795,4.75114,8.889
"top-j","nouns modified by ""%w""","player-n",4794,4.75015,8.472
"England-n","nouns modified by ""%w""","manager-n",4789,4.74520,8.948
"local-j","nouns modified by ""%w""","area-n",4785,4.74123,8.289
"vaccine-n","nouns modified by ""%w""","dose-n",4785,4.74123,10.662
"last-j","nouns modified by ""%w""","couple-n",4781,4.73727,7.146
"Film-n","nouns modified by ""%w""","Festival-n",4779,4.73529,11.387
"Scotland-n","nouns modified by ""%w""","Yard-n",4776,4.73231,11.929
"Security-n","nouns modified by ""%w""","Council-n",4771,4.72736,10.413
"new-j","nouns modified by ""%w""","policy-n",4771,4.72736,7.029
"opinion-n","nouns modified by ""%w""","poll-n",4770,4.72637,11.768
"senior-j","nouns modified by ""%w""","figure-n",4770,4.72637,9.014
"intensive-j","nouns modified by ""%w""","care-n",4764,4.72042,10.918
"great-j","nouns modified by ""%w""","thing-n",4757,4.71349,7.878
"financial-j","nouns modified by ""%w""","adviser-n",4741,4.69763,9.343
"political-j","nouns modified by ""%w""","leader-n",4740,4.69664,8.450
"tax-n","nouns modified by ""%w""","break-n",4728,4.68475,9.834
"government-n","nouns modified by ""%w""","department-n",4721,4.67782,9.050
"Labour-n","nouns modified by ""%w""","government-n",4721,4.67782,8.801
"Saturday-n","nouns modified by ""%w""","morning-n",4715,4.67187,10.354
"extra-j","nouns modified by ""%w""","time-n",4707,4.66395,7.878
"near-j","nouns modified by ""%w""","future-n",4706,4.66295,11.277
"second-j","nouns modified by ""%w""","test-n",4704,4.66097,8.369
"England-n","nouns modified by ""%w""","squad-n",4697,4.65404,9.687
"important-j","nouns modified by ""%w""","role-n",4690,4.64710,9.534
"good-j","nouns modified by ""%w""","start-n",4689,4.64611,7.505
"Mr-n","nouns modified by ""%w""","Howard-n",4683,4.64017,7.908
"health-n","nouns modified by ""%w""","department-n",4680,4.63719,9.050
"West-n","nouns modified by ""%w""","Bank-n",4665,4.62233,9.482
"League-n","nouns modified by ""%w""","club-n",4659,4.61638,9.336
"awful-j","nouns modified by ""%w""","lot-n",4655,4.61242,12.061
"short-j","nouns modified by ""%w""","time-n",4643,4.60053,7.834
"price-n","nouns modified by ""%w""","rise-n",4637,4.59459,10.112
"tax-n","nouns modified by ""%w""","bill-n",4633,4.59062,9.475
"tax-n","nouns modified by ""%w""","increase-n",4628,4.58567,9.622
"local-j","nouns modified by ""%w""","resident-n",4623,4.58071,8.948
"first-j","nouns modified by ""%w""","meeting-n",4622,4.57972,7.278
"Mr-n","nouns modified by ""%w""","Osborne-n",4620,4.57774,7.886
"other-j","nouns modified by ""%w""","option-n",4620,4.57774,7.446
"first-j","nouns modified by ""%w""","child-n",4617,4.57477,7.278
"head-n","nouns modified by ""%w""","injury-n",4611,4.56882,10.237
"other-j","nouns modified by ""%w""","club-n",4604,4.56189,7.329
"Bill-n","nouns modified by ""%w""","Clinton-n",4603,4.56090,11.292
"former-j","nouns modified by ""%w""","manager-n",4600,4.55792,8.135
"equity-n","nouns modified by ""%w""","firm-n",4599,4.55693,9.885
"blood-n","nouns modified by ""%w""","clot-n",4596,4.55396,11.592
"young-j","nouns modified by ""%w""","boy-n",4593,4.55099,8.684
"court-n","nouns modified by ""%w""","case-n",4591,4.54901,9.050
"mental-j","nouns modified by ""%w""","illness-n",4588,4.54603,10.940
"PCR-n","nouns modified by ""%w""","test-n",4588,4.54603,9.958
"last-j","nouns modified by ""%w""","August-n",4587,4.54504,7.131
"Cup-n","nouns modified by ""%w""","semi-final-n",4585,4.54306,10.405
"public-j","nouns modified by ""%w""","finance-n",4581,4.53910,8.860
"business-n","nouns modified by ""%w""","model-n",4581,4.53910,9.534
"such-j","nouns modified by ""%w""","case-n",4578,4.53613,8.354
"private-j","nouns modified by ""%w""","hospital-n",4577,4.53513,9.189
"other-j","nouns modified by ""%w""","nation-n",4571,4.52919,7.468
"own-j","nouns modified by ""%w""","right-n",4567,4.52523,7.688
"large-j","nouns modified by ""%w""","amount-n",4559,4.51730,8.918
"bad-j","nouns modified by ""%w""","day-n",4557,4.51532,8.289
"few-j","nouns modified by ""%w""","time-n",4556,4.51433,7.322
"social-j","nouns modified by ""%w""","site-n",4535,4.49352,8.918
"health-n","nouns modified by ""%w""","issue-n",4535,4.49352,8.809
"half-j","nouns modified by ""%w""","year-n",4528,4.48658,7.358
"financial-j","nouns modified by ""%w""","service-n",4521,4.47965,8.347
"raw-j","nouns modified by ""%w""","material-n",4520,4.47866,11.174
"Tiger-n","nouns modified by ""%w""","Woods-n",4519,4.47767,12.676
"death-n","nouns modified by ""%w""","penalty-n",4515,4.47370,10.881
"old-j","nouns modified by ""%w""","woman-n",4510,4.46875,8.435
"free-j","nouns modified by ""%w""","p-n",4510,4.46875,10.178
"press-n","nouns modified by ""%w""","release-n",4505,4.46379,10.859
"World-n","nouns modified by ""%w""","Bank-n",4495,4.45388,9.102
"London-n","nouns modified by ""%w""","Exchange-n",4494,4.45289,9.460
"National-n","nouns modified by ""%w""","Council-n",4490,4.44893,9.109
"senior-j","nouns modified by ""%w""","leader-n",4485,4.44398,8.633
"different-j","nouns modified by ""%w""","part-n",4482,4.44100,8.721
"first-j","nouns modified by ""%w""","phase-n",4480,4.43902,7.380
"former-j","nouns modified by ""%w""","member-n",4480,4.43902,8.040
"British-j","nouns modified by ""%w""","troop-n",4477,4.43605,8.772
"Mr-n","nouns modified by ""%w""","Clegg-n",4474,4.43308,7.849
"task-n","nouns modified by ""%w""","force-n",4473,4.43209,10.032
"Man-n","nouns modified by ""%w""","City-n",4471,4.43010,10.046
"British-n","nouns modified by ""%w""","Gas-n",4469,4.42812,10.750
"National-n","nouns modified by ""%w""","Trust-n",4466,4.42515,9.299
"top-j","nouns modified by ""%w""","official-n",4461,4.42020,8.508
"first-j","nouns modified by ""%w""","innings-n",4453,4.41227,7.380
"long-j","nouns modified by ""%w""","hour-n",4452,4.41128,8.911
"Daily-n","nouns modified by ""%w""","Mirror-n",4452,4.41128,11.357
"green-j","nouns modified by ""%w""","light-n",4449,4.40831,10.295
"security-n","nouns modified by ""%w""","service-n",4448,4.40731,8.582
"national-j","nouns modified by ""%w""","park-n",4439,4.39840,9.226
"suicide-n","nouns modified by ""%w""","bomber-n",4438,4.39741,12.229
"bottom-j","nouns modified by ""%w""","line-n",4437,4.39642,9.819
"many-j","nouns modified by ""%w""","player-n",4428,4.38750,7.512
"state-n","nouns modified by ""%w""","department-n",4428,4.38750,9.014
"third-j","nouns modified by ""%w""","party-n",4426,4.38552,8.823
"Foreign-n","nouns modified by ""%w""","Secretary-n",4423,4.38254,10.610
"department-n","nouns modified by ""%w""","store-n",4421,4.38056,10.757
"government-n","nouns modified by ""%w""","agency-n",4418,4.37759,9.058
"negative-j","nouns modified by ""%w""","test-n",4415,4.37462,9.680
"Sunday-n","nouns modified by ""%w""","Telegraph-n",4414,4.37363,10.530
"financial-j","nouns modified by ""%w""","support-n",4413,4.37263,9.080
"right-n","nouns modified by ""%w""","group-n",4409,4.36867,8.640
"tuition-n","nouns modified by ""%w""","fee-n",4408,4.36768,11.035
"Football-n","nouns modified by ""%w""","League-n",4403,4.36273,9.790
"real-j","nouns modified by ""%w""","estate-n",4395,4.35480,9.358
"last-j","nouns modified by ""%w""","Thursday-n",4393,4.35282,7.065
"side-n","nouns modified by ""%w""","effect-n",4393,4.35282,10.442
"coronavirus-n","nouns modified by ""%w""","case-n",4391,4.35084,9.050
"poor-j","nouns modified by ""%w""","country-n",4388,4.34786,9.175
"good-j","nouns modified by ""%w""","life-n",4384,4.34390,7.197
"London-n","nouns modified by ""%w""","School-n",4383,4.34291,8.962
"former-j","nouns modified by ""%w""","officer-n",4382,4.34192,7.952
"South-n","nouns modified by ""%w""","East-n",4377,4.33696,9.512
"recent-j","nouns modified by ""%w""","time-n",4376,4.33597,7.520
"health-n","nouns modified by ""%w""","worker-n",4369,4.32904,8.860
"St-n","nouns modified by ""%w""","Andrew-n",4368,4.32805,10.479
"last-j","nouns modified by ""%w""","game-n",4366,4.32606,6.794
"artistic-j","nouns modified by ""%w""","director-n",4366,4.32606,9.395
"Met-n","nouns modified by ""%w""","Office-n",4365,4.32507,10.859
"Covid-19-n","nouns modified by ""%w""","pandemic-n",4364,4.32408,11.079
"large-j","nouns modified by ""%w""","group-n",4362,4.32210,7.996
"good-j","nouns modified by ""%w""","practice-n",4361,4.32111,7.417
"key-j","nouns modified by ""%w""","player-n",4356,4.31616,8.538
"last-j","nouns modified by ""%w""","election-n",4353,4.31318,6.941
"new-j","nouns modified by ""%w""","product-n",4350,4.31021,6.978
"Love-n","nouns modified by ""%w""","Island-n",4348,4.30823,11.672
"economic-j","nouns modified by ""%w""","policy-n",4339,4.29931,8.962
"deputy-j","nouns modified by ""%w""","director-n",4331,4.29138,9.175
"new-j","nouns modified by ""%w""","film-n",4330,4.29039,6.934
"own-j","nouns modified by ""%w""","goal-n",4327,4.28742,8.179
"good-j","nouns modified by ""%w""","option-n",4326,4.28643,7.380
"post-n","nouns modified by ""%w""","office-n",4326,4.28643,10.244
"home-n","nouns modified by ""%w""","town-n",4323,4.28346,9.343
"AC-n","nouns modified by ""%w""","Milan-n",4318,4.27850,12.874
"illegal-j","nouns modified by ""%w""","immigrant-n",4313,4.27355,11.453
"Sinn-n","nouns modified by ""%w""","Fein-n",4313,4.27355,13.599
"last-j","nouns modified by ""%w""","March-n",4308,4.26860,7.029
"love-n","nouns modified by ""%w""","affair-n",4304,4.26463,10.779
"different-j","nouns modified by ""%w""","kind-n",4304,4.26463,9.314
"new-j","nouns modified by ""%w""","season-n",4302,4.26265,6.838
"many-j","nouns modified by ""%w""","company-n",4299,4.25968,7.329
"Post-n","nouns modified by ""%w""","Office-n",4293,4.25373,10.859
"Oxford-n","nouns modified by ""%w""","University-n",4291,4.25175,9.922
"former-j","nouns modified by ""%w""","leader-n",4287,4.24779,7.937
"success-n","nouns modified by ""%w""","story-n",4285,4.24581,9.995
"UK-n","nouns modified by ""%w""","economy-n",4285,4.24581,9.277
"new-j","nouns modified by ""%w""","role-n",4277,4.23788,6.926
"different-j","nouns modified by ""%w""","type-n",4276,4.23689,9.241
"short-j","nouns modified by ""%w""","story-n",4275,4.23590,9.343
"Angela-n","nouns modified by ""%w""","Merkel-n",4275,4.23590,12.625
"Gunnar-n","nouns modified by ""%w""","Solskjaer-n",4264,4.22500,13.057
"stamp-n","nouns modified by ""%w""","duty-n",4264,4.22500,11.533
"personal-j","nouns modified by ""%w""","life-n",4261,4.22203,8.823
"Scottish-j","nouns modified by ""%w""","government-n",4260,4.22103,8.809
"public-j","nouns modified by ""%w""","life-n",4260,4.22103,8.127
"big-j","nouns modified by ""%w""","club-n",4259,4.22004,7.864
"return-n","nouns modified by ""%w""","flight-n",4258,4.21905,10.874
"high-j","nouns modified by ""%w""","pressure-n",4243,4.20419,8.303
"BT-n","nouns modified by ""%w""","Sport-n",4235,4.19626,12.346
"only-j","nouns modified by ""%w""","time-n",4234,4.19527,7.468
"education-n","nouns modified by ""%w""","system-n",4233,4.19428,8.721
"public-j","nouns modified by ""%w""","money-n",4230,4.19131,8.472
"tax-n","nouns modified by ""%w""","rise-n",4227,4.18834,9.446
"vaccine-n","nouns modified by ""%w""","passport-n",4227,4.18834,11.028
"coalition-n","nouns modified by ""%w""","government-n",4225,4.18635,8.992
"clinical-j","nouns modified by ""%w""","trial-n",4219,4.18041,10.867
"square-j","nouns modified by ""%w""","foot-n",4214,4.17546,11.621
"daily-j","nouns modified by ""%w""","basis-n",4205,4.16654,10.522
"Ole-n","nouns modified by ""%w""","Solskjaer-n",4204,4.16555,13.035
"Royal-n","nouns modified by ""%w""","Navy-n",4203,4.16456,9.944
"red-j","nouns modified by ""%w""","tape-n",4189,4.15068,10.544
"global-j","nouns modified by ""%w""","economy-n",4184,4.14573,9.548
"next-j","nouns modified by ""%w""","decade-n",4183,4.14474,8.318
"Conservative-j","nouns modified by ""%w""","party-n",4182,4.14375,9.285
"Covent-n","nouns modified by ""%w""","Garden-n",4179,4.14078,12.595
"north-j","nouns modified by ""%w""","London-n",4171,4.13285,9.834
"young-j","nouns modified by ""%w""","son-n",4171,4.13285,8.662
"little-j","nouns modified by ""%w""","time-n",4167,4.12889,7.439
"chemical-n","nouns modified by ""%w""","weapon-n",4166,4.12789,11.482
"Medical-n","nouns modified by ""%w""","College-n",4161,4.12294,10.347
"serious-j","nouns modified by ""%w""","problem-n",4158,4.11997,9.087
"deputy-j","nouns modified by ""%w""","chairman-n",4157,4.11898,9.922
"young-j","nouns modified by ""%w""","age-n",4155,4.11699,8.567
"John-n","nouns modified by ""%w""","Terry-n",4150,4.11204,9.263
"President-n","nouns modified by ""%w""","Clinton-n",4149,4.11105,10.303
"death-n","nouns modified by ""%w""","rate-n",4145,4.10709,8.728
"current-j","nouns modified by ""%w""","year-n",4144,4.10610,7.058
"whole-j","nouns modified by ""%w""","world-n",4143,4.10510,9.263
"classical-j","nouns modified by ""%w""","music-n",4140,4.10213,10.625
"announcement-n","verbs with ""%w"" as subject","be-v",4139,4.10114,3.477
"be-v","subjects of ""%w""","announcement-n",4139,4.10114,3.477
"few-j","nouns modified by ""%w""","thing-n",4138,4.10015,7.747
"Mr-n","nouns modified by ""%w""","Miliband-n",4135,4.09718,7.732
"Cup-n","nouns modified by ""%w""","tie-n",4134,4.09619,10.046
"last-j","nouns modified by ""%w""","autumn-n",4133,4.09520,6.992
"big-j","nouns modified by ""%w""","bank-n",4133,4.09520,7.922
"other-j","nouns modified by ""%w""","leader-n",4127,4.08925,7.043
"other-j","nouns modified by ""%w""","man-n",4127,4.08925,6.985
"big-j","nouns modified by ""%w""","issue-n",4125,4.08727,7.769
"Services-n","nouns modified by ""%w""","Authority-n",4123,4.08529,10.728
"East-n","nouns modified by ""%w""","London-n",4119,4.08132,9.417
"chief-j","nouns modified by ""%w""","secretary-n",4113,4.07538,8.479
"public-j","nouns modified by ""%w""","school-n",4112,4.07439,8.120
"Royal-n","nouns modified by ""%w""","Ascot-n",4110,4.07241,9.944
"International-n","nouns modified by ""%w""","Fund-n",4107,4.06943,10.442
"more-j","nouns modified by ""%w""","year-n",4106,4.06844,6.589
"Christmas-n","nouns modified by ""%w""","Day-n",4105,4.06745,10.691
"new-j","nouns modified by ""%w""","project-n",4102,4.06448,6.824
"disabled-j","nouns modified by ""%w""","people-n",4100,4.06250,8.230
"new-j","nouns modified by ""%w""","era-n",4090,4.05259,6.963
"love-n","nouns modified by ""%w""","story-n",4082,4.04466,9.739
"National-n","nouns modified by ""%w""","Service-n",4081,4.04367,9.182
"prize-n","nouns modified by ""%w""","money-n",4080,4.04268,10.442
"North-n","nouns modified by ""%w""","London-n",4074,4.03674,9.241
"good-j","nouns modified by ""%w""","shape-n",4072,4.03475,7.366
"Armed-n","nouns modified by ""%w""","Forces-n",4070,4.03277,13.210
"test-n","nouns modified by ""%w""","result-n",4070,4.03277,9.812
"unemployment-n","nouns modified by ""%w""","rate-n",4068,4.03079,8.875
"small-j","nouns modified by ""%w""","amount-n",4067,4.02980,8.757
"First-n","nouns modified by ""%w""","War-n",4067,4.02980,10.596
"second-j","nouns modified by ""%w""","term-n",4063,4.02584,8.311
"front-j","nouns modified by ""%w""","line-n",4054,4.01692,9.482
"life-n","nouns modified by ""%w""","expectancy-n",4049,4.01196,11.072
"final-j","nouns modified by ""%w""","round-n",4048,4.01097,9.058
"little-j","nouns modified by ""%w""","boy-n",4045,4.00800,8.882
"good-j","nouns modified by ""%w""","position-n",4043,4.00602,7.249
"right-j","nouns modified by ""%w""","way-n",4035,3.99809,8.516
"March-n","nouns modified by ""%w""","year-n",4033,3.99611,7.190
"tour-n","nouns modified by ""%w""","operator-n",4033,3.99611,10.889
"Kenneth-n","nouns modified by ""%w""","Clarke-n",4029,3.99215,11.248
"domestic-j","nouns modified by ""%w""","violence-n",4028,3.99116,10.405
"TV-n","nouns modified by ""%w""","series-n",4027,3.99017,9.343
"big-j","nouns modified by ""%w""","part-n",4027,3.99017,7.747
"Goodluck-n","nouns modified by ""%w""","Jonathan-n",4027,3.99017,12.859
"West-n","nouns modified by ""%w""","Sussex-n",4027,3.99017,9.827
"early-j","nouns modified by ""%w""","1990-n",4023,3.98620,9.182
"Greater-n","nouns modified by ""%w""","Manchester-n",4021,3.98422,12.251
"taxi-n","nouns modified by ""%w""","driver-n",4019,3.98224,10.867
