a,1
able,1
about,1
above,1
absolute,1
accept,1
across,1
act,1
actual,1
add,1
address,1
admit,1
advertise,1
afford,1
afraid,1
after,1
afternoon,1
again,1
against,1
age,1
ago,1
agree,1
ahead,1
air,1
all,1
allow,1
almost,1
alone,1
along,1
already,1
alright,1
also,1
although,1
always,1
amaze,1
among,1
amount,1
and,1
angry,1
animal,1
another,1
answer,1
any,1
apart,1
apparent,1
appear,1
area,1
arm,1
around,1
arrange,1
arrive,1
art,1
as,1
ashamed,1
ask,1
at,1
aunt,1
autumn,1
aware,1
away,1
awful,1
baby,1
back,1
bad,1
bag,1
ball,1
bank,1
bar,1
base,1
basic,1
bath,1
be,1
beach,1
bear,1
beat,1
beauty,1
because,1
become,1
bed,1
before,1
begin,1
behind,1
believe,1
below,1
beneath,1
beside,1
best,1
bet,1
better,1
between,1
beyond,1
big,1
bill,1
billion,1
bird,1
birth,1
bit,1
black,1
blood,1
blow,1
blue,1
board,1
boat,1
body,1
bone,1
book,1
boring,1
born,1
both,1
bother,1
bottle,1
bottom,1
box,1
boy,1
bread,1
break,1
breakfast,1
breath,1
bright,1
bring,1
brother,1
brown,1
build,1
burn,1
bus,1
bush,1
business,1
busy,1
but,1
buy,1
by,1
cake,1
call,1
camp,1
can,1
car,1
card,1
care,1
carry,1
case,1
cat,1
catch,1
cause,1
centre,1
certain,1
chair,1
chance,1
change,1
charge,1
cheap,1
check,1
chicken,1
child,1
chip,1
choice,1
choose,1
christmas,1
church,1
city,1
class,1
clean,1
clear,1
climb,1
clock,1
close,1
closed,1
clothes,1
club,1
coat,1
coffee,1
cold,1
collect,1
college,1
colour,1
come,1
comfort,1
company,1
complete,1
computer,1
concern,1
consider,1
continue,1
control,1
conversation,1
cook,1
cool,1
corner,1
cost,1
could,1
count,1
country,1
couple,1
course,1
court,1
cover,1
crazy,1
crime,1
cross,1
cry,1
cup,1
cut,1
dad,1
dance,1
danger,1
dark,1
darling,1
date,1
daughter,1
day,1
dead,1
deal,1
dear,1
death,1
decide,1
deep,1
definite,1
degree,1
delicious,1
depend,1
die,1
difference,1
different,1
difficult,1
dig,1
dinner,1
dirty,1
discover,1
do,1
doctor,1
dog,1
door,1
double,1
doubt,1
down,1
draw,1
dream,1
dress,1
drink,1
drive,1
drop,1
drug,1
dry,1
during,1
each,1
ear,1
early,1
earth,1
east,1
easy,1
eat,1
edge,1
educate,1
egg,1
eight,1
either,1
eleven,1
else,1
employ,1
empty,1
end,1
engine,1
enjoy,1
enough,1
enter,1
especially,1
even,1
evening,1
ever,1
every,1
exact,1
except,1
excite,1
excuse,1
expect,1
expensive,1
experience,1
explain,1
express,1
extra,1
eye,1
face,1
fact,1
fair,1
fall,1
family,1
far,1
farm,1
fast,1
fat,1
father,1
favourite,1
fear,1
feed,1
feel,1
fellow,1
few,1
field,1
fight,1
figure,1
fill,1
film,1
final,1
find,1
fine,1
finger,1
finish,1
fire,1
first,1
fish,1
fit,1
five,1
fix,1
flat,1
floor,1
flower,1
fly,1
follow,1
food,1
foot,1
football,1
for,1
force,1
forest,1
forget,1
form,1
fortunate,1
forward,1
four,1
free,1
freeze,1
fresh,1
friday,1
friend,1
fright,1
from,1
front,1
full,1
fun,1
further,1
game,1
garden,1
gas,1
general,1
gentle,1
get,1
girl,1
give,1
glad,1
glance,1
glass,1
go,1
god,1
gold,1
good,1
goodbye,1
govern,1
grandfather,1
grass,1
great,1
green,1
grey,1
ground,1
group,1
grow,1
guess,1
gun,1
guy,1
hair,1
half,1
hall,1
hand,1
handle,1
hang,1
happen,1
happy,1
hard,1
hardly,1
hat,1
hate,1
have,1
he,1
head,1
health,1
hear,1
heart,1
heat,1
heavy,1
hell,1
hello,1
help,1
here,1
hide,1
high,1
hill,1
history,1
hit,1
hold,1
hole,1
holiday,1
home,1
honest,1
honour,1
hope,1
horrible,1
horse,1
hospital,1
hot,1
hour,1
house,1
how,1
however,1
huge,1
human,1
hundred,1
hunger,1
hunt,1
hurry,1
hurt,1
husband,1
i,1
ice,1
idea,1
if,1
imagine,1
important,1
in,1
indeed,1
inform,1
inside,1
instead,1
insure,1
interest,1
internet,1
into,1
involve,1
island,1
issue,1
it,1
job,1
join,1
joke,1
judge,1
jump,1
just,1
keep,1
key,1
kick,1
kid,1
kill,1
kind,1
king,1
kiss,1
kitchen,1
knock,1
know,1
lady,1
lake,1
land,1
large,1
last,1
late,1
laugh,1
law,1
lay,1
lazy,1
lead,1
learn,1
least,1
leave,1
left,1
leg,1
less,1
let,1
letter,1
level,1
lie,1
life,1
lift,1
light,1
like,1
line,1
lip,1
list,1
listen,1
little,1
live,1
load,1
local,1
lock,1
long,1
look,1
lord,1
lose,1
lot,1
loud,1
love,1
lovely,1
low,1
luck,1
lunch,1
machine,1
mad,1
main,1
major,1
make,1
man,1
manage,1
many,1
mark,1
market,1
marry,1
master,1
matter,1
may,1
maybe,1
meal,1
mean,1
meet,1
member,1
mention,1
mess,1
middle,1
might,1
mile,1
milk,1
million,1
mind,1
minute,1
miss,1
mistake,1
mister,1
moment,1
monday,1
money,1
month,1
more,1
morning,1
most,1
mother,1
mountain,1
mouth,1
move,1
movie,1
mrs,1
much,1
mum,1
music,1
must,1
name,1
nation,1
nature,1
naughty,1
near,1
neat,1
necessary,1
neck,1
need,1
neighbour,1
never,1
new,1
news,1
next,1
nice,1
night,1
nine,1
no,1
nobody,1
noise,1
none,1
normal,1
north,1
nose,1
not,1
note,1
nothing,1
notice,1
now,1
number,1
nurse,1
obvious,1
odd,1
of,1
off,1
offer,1
office,1
officer,1
often,1
oil,1
ok,1
old,1
on,1
once,1
one,1
only,1
open,1
or,1
orange,1
order,1
other,1
ought,1
out,1
over,1
own,1
owned,1
pack,1
page,1
pain,1
paint,1
pair,1
paper,1
pardon,1
parent,1
park,1
part,1
particular,1
party,1
pass,1
past,1
pay,1
penny,1
people,1
perfect,1
perhaps,1
person,1
photograph,1
pick,1
picture,1
piece,1
place,1
plan,1
plant,1
play,1
please,1
plenty,1
plus,1
point,1
police,1
poor,1
pop,1
position,1
possible,1
post,1
pot,1
pound,1
power,1
prepare,1
present,1
press,1
pretty,1
price,1
prince,1
prison,1
probably,1
problem,1
programme,1
promise,1
proper,1
protect,1
public,1
pull,1
push,1
put,1
quarter,1
queen,1
question,1
quick,1
quiet,1
quite,1
rabbit,1
race,1
radio,1
rain,1
raise,1
rate,1
rather,1
reach,1
read,1
ready,1
real,1
realise,1
really,1
reason,1
recent,1
record,1
red,1
relate,1
remember,1
rent,1
reply,1
report,1
responsible,1
rest,1
return,1
rich,1
rid,1
ride,1
right,1
rights,1
ring,1
rise,1
river,1
road,1
rock,1
roll,1
room,1
rough,1
round,1
rubbish,1
rule,1
run,1
sad,1
safe,1
sail,1
same,1
saturday,1
save,1
say,1
scare,1
school,1
science,1
sea,1
seat,1
second,1
secure,1
see,1
seem,1
self,1
sell,1
send,1
sense,1
serious,1
serve,1
service,1
set,1
settle,1
seven,1
several,1
sex,1
shake,1
shall,1
shape,1
share,1
she,1
ship,1
shirt,1
shoe,1
shoot,1
shop,1
short,1
should,1
shoulder,1
shout,1
show,1
shut,1
shy,1
sick,1
side,1
sight,1
sign,1
silly,1
simple,1
since,1
sing,1
single,1
sir,1
sister,1
sit,1
situation,1
six,1
size,1
skin,1
sky,1
sleep,1
slight,1
slip,1
slow,1
small,1
smell,1
smile,1
smoke,1
snow,1
so,1
soft,1
some,1
son,1
song,1
soon,1
sorry,1
sort,1
sound,1
south,1
space,1
speak,1
special,1
spend,1
sport,1
spot,1
spring,1
square,1
stage,1
stand,1
star,1
stare,1
start,1
state,1
station,1
stay,1
steal,1
step,1
stick,1
still,1
stone,1
stop,1
store,1
story,1
straight,1
strange,1
street,1
strike,1
strong,1
student,1
study,1
stuff,1
stupid,1
subject,1
such,1
sudden,1
suggest,1
suit,1
summer,1
sun,1
sunday,1
support,1
suppose,1
sure,1
surprise,1
sweet,1
swim,1
system,1
table,1
tail,1
take,1
talk,1
tall,1
tape,1
taste,1
tax,1
tea,1
teach,1
team,1
tear,1
telephone,1
television,1
tell,1
ten,1
tend,1
term,1
terrible,1
test,1
than,1
thank,1
that,1
the,1
then,1
there,1
they,1
thick,1
thing,1
think,1
thirst,1
thirteen,1
thirty,1
this,1
though,1
thousand,1
three,1
throat,1
through,1
throw,1
thursday,1
tie,1
tight,1
till,1
time,1
tire,1
to,1
today,1
together,1
tomorrow,1
tonight,1
too,1
tooth,1
top,1
total,1
touch,1
toward,1
town,1
track,1
train,1
travel,1
treat,1
tree,1
trip,1
trouble,1
true,1
trust,1
truth,1
try,1
tuesday,1
turn,1
twelve,1
twenty,1
two,1
type,1
ugly,1
uncle,1
under,1
underneath,1
understand,1
unless,1
until,1
up,1
upon,1
use,1
usual,1
van,1
very,1
video,1
view,1
visit,1
voice,1
wait,1
wake,1
walk,1
wall,1
want,1
war,1
warm,1
wash,1
waste,1
watch,1
water,1
wave,1
way,1
we,1
wear,1
weather,1
web,1
wed,1
wednesday,1
week,1
weight,1
well,1
west,1
wet,1
what,1
wheel,1
when,1
where,1
whether,1
which,1
while,1
white,1
who,1
whole,1
why,1
wide,1
wife,1
wild,1
will,1
win,1
wind,1
window,1
wine,1
winter,1
wish,1
with,1
within,1
without,1
woman,1
wonder,1
wood,1
word,1
work,1
world,1
worry,1
worse,1
worth,1
would,1
write,1
wrong,1
yard,1
year,1
yellow,1
yes,1
yesterday,1
yet,1
you,1
young,1
zero,1
accent,2
access,2
accident,2
according,2
account,2
accuse,2
ace,2
active,2
adapt,2
admire,2
adult,2
advance,2
advantage,2
adventure,2
advice,2
advise,2
affair,2
affect,2
agent,2
aid,2
alarm,2
alcohol,2
alive,2
alter,2
altogether,2
amuse,2
angel,2
anger,2
announce,2
annoy,2
anxious,2
apartment,2
appeal,2
apple,2
apply,2
appoint,2
appreciate,2
approach,2
april,2
argue,2
army,2
arrest,2
article,2
aside,2
asleep,2
assist,2
associate,2
assume,2
assure,2
atmosphere,2
attach,2
attack,2
attempt,2
attend,2
attention,2
attitude,2
attract,2
august,2
automatic,2
available,2
average,2
avoid,2
awake,2
awkward,2
background,2
bacon,2
bake,2
balance,2
banana,2
band,2
bang,2
bare,2
bark,2
basis,2
basket,2
bat,2
battery,2
battle,2
bay,2
bean,2
bee,2
beef,2
beer,2
beg,2
bell,2
belong,2
belt,2
bend,2
benefit,2
bike,2
bin,2
bind,2
biscuit,2
bite,2
bitter,2
blame,2
blank,2
blanket,2
bleed,2
bless,2
blind,2
block,2
blonde,2
bloom,2
boil,2
bomb,2
bond,2
boom,2
boot,2
borrow,2
boss,2
bounce,2
bow,2
bowl,2
brain,2
brake,2
branch,2
brand,2
brave,2
breast,2
breathe,2
breed,2
brick,2
bridge,2
brief,2
brilliant,2
broad,2
brush,2
buck,2
bucket,2
bug,2
bump,2
bunch,2
burst,2
bury,2
butter,2
button,2
cable,2
cage,2
calculate,2
calm,2
camera,2
canoe,2
cans,2
cap,2
capable,2
cape,2
capital,2
captain,2
career,2
carpet,2
carrot,2
cart,2
cash,2
cast,2
castle,2
casual,2
ceiling,2
cent,2
centimetre,2
century,2
chain,2
challenge,2
champion,2
channel,2
chapter,2
character,2
charm,2
chase,2
chat,2
cheat,2
cheek,2
cheer,2
cheese,2
chest,2
chew,2
chief,2
chocolate,2
chop,2
cigarette,2
circle,2
circumstance,2
citizen,2
claim,2
classic,2
clever,2
cliff,2
clip,2
cloth,2
cloud,2
clue,2
coach,2
coal,2
coast,2
combine,2
command,2
comment,2
commerce,2
commit,2
committee,2
common,2
community,2
compare,2
competition,2
complain,2
complicate,2
concentrate,2
condition,2
confuse,2
connect,2
conscious,2
constant,2
contact,2
contain,2
contract,2
contribute,2
convince,2
cop,2
cope,2
copy,2
correct,2
cottage,2
cotton,2
cough,2
council,2
counter,2
county,2
cousin,2
cow,2
crack,2
crash,2
crawl,2
cream,2
create,2
creature,2
credit,2
creep,2
criminal,2
crisp,2
crowd,2
crown,2
cruel,2
culture,2
cure,2
curious,2
curl,2
current,2
customer,2
damage,2
dare,2
dawn,2
debt,2
december,2
decent,2
decision,2
deck,2
decorate,2
defence,2
delight,2
deliver,2
demand,2
deny,2
department,2
depress,2
describe,2
desert,2
deserve,2
design,2
desire,2
desk,2
desperate,2
destroy,2
detail,2
detect,2
determine,2
develop,2
diet,2
dine,2
direct,2
directed,2
direction,2
disappear,2
disappoint,2
discipline,2
discuss,2
disease,2
disgust,2
dish,2
distance,2
district,2
disturb,2
dive,2
divide,2
divorce,2
doll,2
dollar,2
dozen,2
drag,2
dragon,2
drama,2
drawer,2
drum,2
duck,2
due,2
dump,2
dust,2
duty,2
earn,2
ease,2
economy,2
edit,2
effect,2
effort,2
elder,2
elect,2
electric,2
elephant,2
email,2
embarrass,2
emotion,2
empire,2
encourage,2
enemy,2
energy,2
engage,2
engineer,2
enormous,2
entertain,2
entire,2
envelope,2
environment,2
equal,2
equipment,2
escape,2
establish,2
estate,2
event,2
eventually,2
evidence,2
evil,2
exam,2
examine,2
example,2
excellent,2
exchange,2
exercise,2
exhaust,2
exist,2
expense,2
expose,2
extend,2
extreme,2
fail,2
faint,2
fairy,2
faith,2
familiar,2
famous,2
fan,2
fancy,2
fantastic,2
fascinate,2
fashion,2
fault,2
favour,2
feather,2
feature,2
february,2
female,2
fence,2
fetch,2
file,2
finance,2
firm,2
flag,2
flame,2
flash,2
flight,2
flip,2
float,2
flood,2
flow,2
fold,2
folk,2
fool,2
foreign,2
forgive,2
forth,2
fortnight,2
fortune,2
fox,2
frame,2
frankly,2
frog,2
frost,2
fruit,2
frustrate,2
fry,2
fund,2
fur,2
furniture,2
future,2
gain,2
garage,2
gate,2
gather,2
gay,2
gear,2
generation,2
gentleman,2
ghost,2
giant,2
gift,2
glory,2
goal,2
golf,2
gorgeous,2
grab,2
grace,2
grade,2
grand,2
grant,2
grin,2
grocer,2
guarantee,2
guard,2
guest,2
guide,2
guilty,2
habit,2
handy,2
harm,2
heap,2
heaven,2
hedge,2
height,2
hero,2
hesitate,2
hire,2
hobby,2
honey,2
hook,2
hotel,2
identify,2
idiot,2
ignore,2
ill,2
illustrate,2
image,2
immediate,2
impress,2
improve,2
inch,2
include,2
income,2
increase,2
incredible,2
indicate,2
individual,2
industry,2
influence,2
injure,2
innocent,2
insist,2
inspect,2
instance,2
instant,2
instruct,2
instrument,2
intend,2
intense,2
intent,2
interrupt,2
interview,2
introduce,2
investigate,2
invite,2
iron,2
item,2
jacket,2
jam,2
january,2
jaw,2
jeans,2
journey,2
joy,2
juice,2
july,2
june,2
junior,2
justice,2
keen,2
kilometre,2
kindly,2
knee,2
knife,2
knit,2
knowledge,2
laboratory,2
labour,2
lack,2
lamb,2
lamp,2
lane,2
language,2
lasted,2
lawn,2
lawyer,2
league,2
lean,2
leap,2
legal,2
lend,2
length,2
lesson,2
library,2
licence,2
lid,2
lightly,2
likely,2
limit,2
lion,2
loan,2
locate,2
log,2
lone,2
loose,2
loss,2
lower,2
lump,2
magazine,2
magic,2
mail,2
maintain,2
male,2
mama,2
manner,2
map,2
march,2
marvel,2
mask,2
mass,2
massive,2
match,2
mate,2
material,2
mathematics,2
maximum,2
measure,2
meat,2
medical,2
medicine,2
melt,2
memory,2
mental,2
merry,2
message,2
metal,2
metre,2
microwave,2
military,2
mill,2
minister,2
minor,2
minus,2
mirror,2
mission,2
mix,2
model,2
modern,2
monkey,2
mood,2
moon,2
motor,2
mount,2
mouse,2
mow,2
mud,2
murder,2
muscle,2
mystery,2
nail,2
nanny,2
narrow,2
nasty,2
native,2
navy,2
neither,2
nerve,2
nervous,2
nest,2
newspaper,2
non,2
nor,2
northern,2
november,2
nowhere,2
nut,2
oak,2
object,2
observe,2
occasion,2
occur,2
october,2
official,2
onion,2
operate,2
opinion,2
opportunity,2
oppose,2
opposite,2
option,2
ordinary,2
organize,2
original,2
otherwise,2
oven,2
owe,2
pan,2
panic,2
partner,2
pat,2
patch,2
path,2
patient,2
pattern,2
pause,2
peace,2
pen,2
pension,2
per,2
percent,2
perform,2
period,2
pet,2
physical,2
piano,2
pie,2
pig,2
pile,2
pin,2
pine,2
pink,2
pipe,2
pitch,2
pity,2
plain,2
plane,2
planet,2
plastic,2
plate,2
pleasant,2
pleasure,2
plug,2
pocket,2
poem,2
poet,2
poison,2
pole,2
policy,2
polish,2
polite,2
politics,2
pollute,2
pool,2
popular,2
population,2
port,2
positive,2
possess,2
potato,2
pour,2
practical,2
practise,2
pray,2
prefer,2
pregnant,2
president,2
pressure,2
presume,2
pretend,2
prevent,2
previous,2
pride,2
prime,2
print,2
privacy,2
private,2
process,2
produce,2
product,2
profession,2
progress,2
project,2
pronounce,2
property,2
propose,2
protest,2
proud,2
prove,2
provide,2
pub,2
pudding,2
pump,2
punch,2
punish,2
pup,2
purchase,2
pure,2
purple,2
purpose,2
qualify,2
quality,2
quit,2
quote,2
range,2
rapid,2
rare,2
rat,2
ray,2
react,2
recall,2
receive,2
recipe,2
reckon,2
recognize,2
recommend,2
recover,2
reduce,2
refer,2
refrigerator,2
refuse,2
regard,2
region,2
register,2
regular,2
relax,2
release,2
relief,2
rely,2
remain,2
remark,2
remind,2
remove,2
repair,2
repeat,2
replace,2
represent,2
require,2
research,2
reserve,2
resist,2
respect,2
restaurant,2
result,2
retire,2
rice,2
ridiculous,2
rip,2
risk,2
roar,2
rob,2
role,2
roof,2
root,2
rope,2
rot,2
row,2
royal,2
rub,2
rude,2
ruin,2
rush,2
saint,2
sake,2
salad,2
salary,2
sale,2
salt,2
sand,2
sandwich,2
satisfy,2
sauce,2
sausage,2
scale,2
scene,2
schedule,2
score,2
scratch,2
scream,2
screen,2
screw,2
seal,2
search,2
season,2
seconds,2
secret,2
section,2
seed,2
seek,2
select,2
senior,2
sentence,2
separate,2
september,2
series,2
sew,2
shade,2
shadow,2
shame,2
sharp,2
shave,2
shed,2
sheep,2
sheet,2
shelf,2
shell,2
shelter,2
shift,2
shine,2
shiver,2
shock,2
shore,2
shove,2
shower,2
signal,2
silence,2
silver,2
similar,2
sink,2
site,2
ski,2
skill,2
skirt,2
slave,2
slide,2
smart,2
smash,2
smooth,2
snake,2
snap,2
social,2
society,2
sock,2
soil,2
soldier,2
solid,2
somewhat,2
sore,2
sorted,2
soul,2
soup,2
southern,2
spare,2
species,2
specific,2
speech,2
speed,2
spell,2
spin,2
spirit,2
split,2
spoil,2
spray,2
spread,2
stable,2
staff,2
stairs,2
stamp,2
standard,2
starve,2
states,2
steady,2
steak,2
steam,2
steel,2
stiff,2
stir,2
stock,2
stomach,2
storm,2
strawberry,2
stream,2
strength,2
stress,2
stretch,2
string,2
strip,2
stroke,2
struggle,2
style,2
success,2
suck,2
suffer,2
sugar,2
super,2
supply,2
surface,2
surround,2
survive,2
suspect,2
suspicion,2
swallow,2
swear,2
sweep,2
swing,2
switch,2
sword,2
tale,2
tank,2
tap,2
taxi,2
tease,2
technology,2
teenage,2
tempt,2
tense,2
tent,2
th,2
theatre,2
therefore,2
thief,2
thin,2
threat,2
thus,2
ticket,2
tide,2
tin,2
tiny,2
tip,2
title,2
toast,2
toe,2
toilet,2
tomato,2
tone,2
tongue,2
tool,2
topic,2
tough,2
tour,2
towel,2
tower,2
toy,2
trace,2
trade,2
tradition,2
traffic,2
transfer,2
trap,2
tray,2
trial,2
trick,2
truck,2
trunk,2
tune,2
twin,2
twist,2
typical,2
union,2
unit,2
unite,2
university,2
upper,2
upset,2
valley,2
value,2
various,2
vary,2
vegetable,2
vehicle,2
version,2
victim,2
village,2
violent,2
vote,2
wage,2
wander,2
warn,2
weak,2
weapon,2
weed,2
weird,2
welcome,2
western,2
whereas,2
whip,2
whistle,2
wicked,2
wing,2
wipe,2
wire,2
wise,2
witness,2
wolf,2
wool,2
worm,2
wound,2
wrap,2
yell,2
abandon,3
abort,3
abroad,3
absence,3
absorb,3
abstract,3
abuse,3
academy,3
accelerate,3
accommodate,3
accompany,3
accomplish,3
accountable,3
accumulate,3
accurate,3
ache,3
achieve,3
acknowledge,3
acquire,3
acquisition,3
acre,3
addict,3
adequate,3
adjust,3
administration,3
administrative,3
administrator,3
admission,3
adolescent,3
adopt,3
advocate,3
affection,3
affirm,3
agency,3
agenda,3
aggressive,3
agriculture,3
aim,3
aircraft,3
airline,3
album,3
alert,3
alien,3
allege,3
alliance,3
allocate,3
ally,3
alongside,3
alternative,3
amend,3
analyse,3
analyst,3
ancient,3
angle,3
annual,3
anticipate,3
anxiety,3
apology,3
appropriate,3
approve,3
approximate,3
archaeology,3
architect,3
architecture,3
arise,3
armed,3
aspect,3
assault,3
assemble,3
assembly,3
assert,3
assess,3
asset,3
assign,3
assumption,3
athlete,3
atom,3
attribute,3
audience,3
audit,3
author,3
authorise,3
authority,3
award,3
bacterium,3
ban,3
bargain,3
barrier,3
beam,3
behave,3
behaviour,3
belief,3
bench,3
bias,3
bible,3
bid,3
biological,3
bishop,3
blast,3
blend,3
boost,3
border,3
boundary,3
broadcast,3
budget,3
burden,3
bureau,3
cabinet,3
campaign,3
cancel,3
cancer,3
candidate,3
capacity,3
capture,3
carbon,3
carve,3
catalogue,3
category,3
catholic,3
cattle,3
cease,3
celebrate,3
cell,3
ceremony,3
chairman,3
chamber,3
characteristic,3
charity,3
chart,3
charter,3
chemical,3
chill,3
circuit,3
circulate,3
cite,3
civil,3
civilian,3
civilise,3
clarify,3
clause,3
client,3
climate,3
clinic,3
cluster,3
coalition,3
code,3
coin,3
coincide,3
collaborate,3
collapse,3
colleague,3
colony,3
column,3
combat,3
comedy,3
commission,3
communicate,3
communist,3
companion,3
compensate,3
compete,3
competent,3
complaint,3
complex,3
component,3
compose,3
compound,3
comprehensive,3
comprise,3
compromise,3
conceive,3
concept,3
concert,3
conclude,3
conclusion,3
concrete,3
condemn,3
conduct,3
confer,3
confess,3
confidence,3
confident,3
confine,3
confirm,3
conflict,3
confront,3
congress,3
consent,3
consequence,3
consequent,3
conservative,3
conserve,3
considerable,3
consist,3
consistent,3
constitute,3
constitution,3
constrain,3
construct,3
consult,3
consume,3
consumption,3
contemporary,3
contend,3
content,3
contest,3
context,3
continent,3
contradict,3
contrast,3
controversy,3
convention,3
convert,3
convey,3
convict,3
cooperate,3
coordinate,3
core,3
corporate,3
correlate,3
correspond,3
correspondent,3
corridor,3
corrupt,3
counsel,3
courage,3
craft,3
crew,3
crisis,3
criteria,3
critic,3
criticise,3
criticism,3
crop,3
crucial,3
cruise,3
crush,3
crystal,3
currency,3
curriculum,3
curtain,3
curve,3
custom,3
cycle,3
damn,3
damp,3
data,3
database,3
debate,3
decade,3
declare,3
decline,3
decrease,3
dedicate,3
defeat,3
defend,3
defendant,3
deficit,3
define,3
delay,3
delegate,3
deliberate,3
democracy,3
democrat,3
demonstrate,3
dense,3
depict,3
deposit,3
deputy,3
derive,3
descend,3
description,3
designate,3
despite,3
destruction,3
devastate,3
device,3
devote,3
dialogue,3
dictate,3
differ,3
digital,3
dimension,3
diplomat,3
disabled,3
disagree,3
disaster,3
disc,3
discharge,3
discount,3
discourse,3
discreet,3
discriminate,3
dismiss,3
disorder,3
display,3
dispose,3
dispute,3
disrupt,3
distant,3
distinct,3
distinguish,3
distribute,3
diverse,3
division,3
dna,3
doctrine,3
document,3
domestic,3
dominant,3
dominate,3
donate,3
dose,3
draft,3
drain,3
drift,3
drill,3
duke,3
eager,3
eastern,3
echo,3
edition,3
effective,3
efficient,3
elaborate,3
electronic,3
element,3
elevate,3
eliminate,3
elite,3
embrace,3
emerge,3
emergency,3
emit,3
emphasis,3
emphasise,3
enable,3
encounter,3
endorse,3
endure,3
enforce,3
enhance,3
ensure,3
enterprise,3
enthusiasm,3
enthusiastic,3
entitle,3
entrance,3
entry,3
episode,3
equation,3
equivalent,3
era,3
error,3
essay,3
essential,3
estimate,3
etc,3
ethnic,3
evaluate,3
evident,3
evolution,3
evolve,3
exceed,3
exception,3
excess,3
exclude,3
exclusive,3
execute,3
executive,3
exhibit,3
expand,3
expansion,3
expenditure,3
experiment,3
expert,3
explicit,3
exploit,3
explore,3
explosion,3
export,3
extension,3
extensive,3
extent,3
external,3
extract,3
extraordinary,3
fabric,3
facilitate,3
facility,3
factor,3
factory,3
faculty,3
fade,3
failure,3
false,3
fantasy,3
fate,3
federal,3
fee,3
feminist,3
fertile,3
festival,3
fibre,3
fiction,3
fierce,3
filter,3
firms,3
flavour,3
flee,3
flesh,3
flexible,3
focus,3
forecast,3
formal,3
format,3
formation,3
former,3
formula,3
foster,3
foundation,3
founded,3
fragment,3
framework,3
frequency,3
frequent,3
fuel,3
fulfil,3
function,3
fundamental,3
funeral,3
furthermore,3
gallery,3
gang,3
gap,3
gaze,3
gender,3
gene,3
generate,3
generous,3
genetic,3
genuine,3
geography,3
gesture,3
global,3
glow,3
goods,3
gradual,3
graduate,3
grain,3
graphic,3
grasp,3
grateful,3
grave,3
gravity,3
greet,3
grip,3
gross,3
guideline,3
guitar,3
halt,3
harbor,3
harsh,3
hazard,3
headquarters,3
heal,3
heel,3
hence,3
heritage,3
highlight,3
highway,3
hint,3
hip,3
holy,3
horror,3
host,3
hostile,3
household,3
humour,3
hypothesis,3
ideal,3
ideology,3
immigrant,3
immune,3
impact,3
imperial,3
implement,3
implicate,3
imply,3
import,3
importance,3
impose,3
impression,3
incentive,3
incident,3
incorporate,3
independence,3
independent,3
index,3
inevitable,3
infant,3
infect,3
inflate,3
ingredient,3
inhabit,3
inherit,3
initial,3
initiate,3
inject,3
innovate,3
input,3
inquire,3
insert,3
insight,3
inspire,3
install,3
instinct,3
institute,3
institution,3
integrate,3
intellectual,3
intelligence,3
interact,3
interfere,3
interior,3
internal,3
international,3
interpret,3
intervene,3
intimate,3
invasion,3
invent,3
invest,3
irony,3
isolate,3
jail,3
jet,3
joint,3
journal,3
journalist,3
jury,3
justify,3
label,3
landscape,3
latter,3
laughter,3
launch,3
layer,3
leak,3
lease,3
leather,3
lecture,3
legend,3
legislate,3
legitimate,3
liable,3
liberal,3
liberate,3
liberty,3
likeness,3
link,3
liquid,3
literal,3
literary,3
literature,3
lobby,3
lodge,3
logic,3
loyal,3
luxury,3
magnet,3
majority,3
manifest,3
manipulate,3
manual,3
manufacture,3
margin,3
marine,3
mature,3
mayor,3
meanwhile,3
mechanic,3
mechanism,3
media,3
medium,3
menu,3
mere,3
merge,3
method,3
migrate,3
mild,3
miner,3
minimum,3
ministry,3
missile,3
mixture,3
mobile,3
mode,3
moderate,3
modest,3
modify,3
module,3
molecule,3
monitor,3
monster,3
moral,3
moreover,3
mortal,3
mortgage,3
motion,3
motive,3
multiple,3
museum,3
mutual,3
myth,3
naked,3
narrate,3
negative,3
neglect,3
negotiate,3
net,3
network,3
neutral,3
nevertheless,3
nod,3
nominate,3
notion,3
novel,3
nuclear,3
numerous,3
objected,3
objective,3
oblige,3
obtain,3
occupation,3
occupy,3
ocean,3
offence,3
offend,3
opera,3
opponent,3
oral,3
organ,3
organic,3
oriented,3
origin,3
outcome,3
outline,3
output,3
outrage,3
overall,3
overcome,3
overlook,3
overseas,3
overwhelm,3
pace,3
pad,3
palace,3
pale,3
palm,3
panel,3
paragraph,3
parallel,3
parish,3
parliament,3
participant,3
participate,3
passage,3
passenger,3
passion,3
patients,3
pave,3
peak,3
peasant,3
peer,3
penalty,3
pepper,3
perceive,3
perception,3
permanent,3
permission,3
permit,3
persist,3
personality,3
personnel,3
perspective,3
persuade,3
petrol,3
phase,3
phenomenon,3
philosophy,3
phrase,3
pilot,3
pit,3
platform,3
plot,3
poll,3
portion,3
portrait,3
pose,3
potential,3
poverty,3
powder,3
practitioner,3
praise,3
precede,3
precise,3
predict,3
premise,3
presence,3
preserve,3
priest,3
primary,3
principal,3
principle,3
prior,3
priority,3
privilege,3
prize,3
probe,3
procedure,3
proceed,3
professor,3
profile,3
profit,3
profound,3
prohibit,3
prominent,3
promote,3
prompt,3
proof,3
proportion,3
prosecute,3
prospect,3
prosper,3
protein,3
province,3
provision,3
provoke,3
psychiatry,3
psychology,3
publication,3
publish,3
pupil,3
pursue,3
puzzle,3
quantity,3
racial,3
radiate,3
radical,3
rage,3
raid,3
rail,3
rally,3
random,3
rank,3
rape,3
ratio,3
rational,3
raw,3
rear,3
rebel,3
receiver,3
reception,3
recession,3
recognition,3
recruit,3
reflect,3
reform,3
refuge,3
regime,3
regret,3
regulate,3
reinforce,3
reject,3
relative,3
relatives,3
relevant,3
relieve,3
religion,3
religious,3
reluctant,3
remedy,3
remote,3
render,3
reproduce,3
republic,3
reputation,3
request,3
rescue,3
resemble,3
reside,3
resign,3
resolution,3
resolve,3
resort,3
resource,3
respective,3
respond,3
response,3
restore,3
restrain,3
restrict,3
resume,3
retail,3
retain,3
retreat,3
reveal,3
revenue,3
reverse,3
review,3
revise,3
revive,3
revolution,3
reward,3
rhythm,3
ritual,3
rival,3
romantic,3
route,3
routine,3
rumour,3
rural,3
sacrifice,3
sample,3
sanction,3
satellite,3
satisfaction,3
scan,3
scandal,3
scatter,3
scheme,3
scholar,3
scope,3
sculpt,3
secretary,3
sector,3
segment,3
seize,3
senate,3
senses,3
sensible,3
sensitive,3
sequence,3
session,3
severe,3
shield,3
shortly,3
shrug,3
sigh,3
significance,3
significant,3
silent,3
silk,3
simultaneous,3
sin,3
slice,3
slope,3
software,3
sole,3
solution,3
solve,3
sophisticated,3
source,3
sovereign,3
specify,3
speculate,3
spill,3
sponsor,3
squeeze,3
stain,3
stake,3
statistic,3
status,3
statute,3
stem,3
stimulate,3
strain,3
strategy,3
strict,3
structure,3
studio,3
stun,3
submit,3
subsequent,3
subsidy,3
substance,3
substantial,3
substitute,3
subtle,3
suburb,3
succeed,3
succession,3
sufficient,3
suicide,3
sum,3
summary,3
summit,3
superior,3
supervise,3
supplement,3
supreme,3
surgery,3
survey,3
suspend,3
sustain,3
sweat,3
swell,3
symbol,3
sympathy,3
symptom,3
tackle,3
tactic,3
talent,3
target,3
task,3
technical,3
technique,3
temperature,3
temporary,3
tender,3
tennis,3
territory,3
terror,3
text,3
theme,3
theoretical,3
theory,3
therapy,3
thereby,3
thorough,3
thrill,3
tissue,3
ton,3
toss,3
tournament,3
tragedy,3
trail,3
transact,3
transform,3
transition,3
translate,3
transmit,3
transport,3
treasure,3
treaty,3
tremendous,3
trend,3
tribe,3
trigger,3
triumph,3
troop,3
tube,3
tunnel,3
ultimate,3
undergo,3
underlie,3
undertake,3
uniform,3
unique,3
unity,3
universe,3
update,3
urban,3
urge,3
urgent,3
utility,3
vague,3
valid,3
variety,3
vast,3
venture,3
versus,3
vessel,3
veteran,3
via,3
vice,3
victory,3
violate,3
violence,3
virtual,3
virtue,3
virus,3
visible,3
vision,3
visual,3
vital,3
volume,3
voluntary,3
volunteer,3
vulnerable,3
wealth,3
weave,3
weigh,3
welfare,3
whisper,3
withdraw,3
yield,3
youth,3
zone,3
abnormal,4
aboard,4
abrupt,4
absent,4
absurd,4
abundant,4
acid,4
accountant,4
accustom,4
acquaint,4
activate,4
acute,4
adhere,4
adjacent,4
administer,4
adverse,4
aesthetic,4
affiliate,4
aggression,4
agony,4
align,4
alike,4
alley,4
alpha,4
alternate,4
aluminium,4
amateur,4
ambassador,4
ambiguous,4
ambition,4
ambitious,4
ambulance,4
amid,4
ancestor,4
anchor,4
animate,4
ankle,4
anniversary,4
anonymous,4
anthropology,4
antique,4
appal,4
applicable,4
applicant,4
appraise,4
arch,4
archive,4
arena,4
armour,4
arouse,4
array,4
arrogant,4
arrow,4
articulate,4
artificial,4
ash,4
aspire,4
assassin,4
astonish,4
astronomy,4
attain,4
attorney,4
auction,4
audio,4
authentic,4
automobile,4
autonomy,4
avenue,4
await,4
axe,4
aye,4
ballet,4
balloon,4
ballot,4
bankrupt,4
barn,4
barrel,4
baseball,4
basement,4
basin,4
bass,4
bastard,4
bathe,4
battered,4
bead,4
beard,4
beast,4
behalf,4
belly,4
beneficial,4
betray,4
bicycle,4
biography,4
biology,4
bizarre,4
blade,4
blaze,4
blink,4
blur,4
boarder,4
boast,4
bold,4
bolt,4
bonus,4
booking,4
bounds,4
boxed,4
brass,4
breach,4
breeze,4
brew,4
bride,4
briefed,4
broker,4
bronze,4
bruise,4
brute,4
bubble,4
bulb,4
bulk,4
bull,4
bullet,4
bully,4
bundle,4
bureaucracy,4
bureaucrat,4
butterfly,4
buzz,4
cab,4
cabin,4
cafe,4
calendar,4
calorie,4
campus,4
canal,4
candle,4
canvas,4
capitalism,4
capitalist,4
cargo,4
carriage,4
cartoon,4
casualty,4
cater,4
cathedral,4
caution,4
cautious,4
cave,4
celebrity,4
cemetery,4
censor,4
census,4
certificate,4
certify,4
champagne,4
chancellor,4
chaos,4
chapel,4
chef,4
chemistry,4
chin,4
choir,4
choke,4
cholesterol,4
chronic,4
chronicle,4
chunk,4
cinema,4
civic,4
clash,4
classification,4
classify,4
clay,4
clerk,4
click,4
cling,4
clone,4
closure,4
clutch,4
coffin,4
cognitive,4
coherent,4
collar,4
colonel,4
comic,4
commentator,4
commodity,4
commute,4
compact,4
comparative,4
compatible,4
compel,4
competence,4
compile,4
complement,4
compliance,4
comply,4
comprehend,4
compress,4
con,4
conceal,4
concede,4
concession,4
confidential,4
configure,4
conform,4
congratulate,4
congregate,4
conscience,4
consensus,4
consistency,4
console,4
consolidate,4
conspiracy,4
constituency,4
contaminate,4
contemplate,4
contempt,4
contingent,4
contrary,4
convenience,4
convenient,4
conversion,4
copper,4
copyright,4
cord,4
corn,4
corps,4
costume,4
couch,4
counterpart,4
coup,4
courtesy,4
credible,4
critique,4
crude,4
crumble,4
crust,4
cube,4
cult,4
cultivate,4
curse,4
custody,4
cynical,4
dam,4
dash,4
deadline,4
deaf,4
debut,4
decay,4
decisive,4
deduct,4
deem,4
deer,4
defect,4
defer,4
deficiency,4
defy,4
delicate,4
demography,4
depart,4
departure,4
dependence,4
deploy,4
deprive,4
despair,4
despatch,4
destination,4
destiny,4
detach,4
detain,4
deter,4
deteriorate,4
devil,4
devise,4
diabetes,4
diagnose,4
diagnosis,4
diagram,4
dial,4
diameter,4
diamond,4
diary,4
dictionary,4
differentiate,4
digest,4
dignity,4
dilemma,4
dim,4
diminish,4
dioxide,4
dip,4
disadvantage,4
discard,4
disclose,4
disclosure,4
discourage,4
disguise,4
disperse,4
displace,4
dissolve,4
distort,4
distract,4
distress,4
dividend,4
divine,4
dock,4
documentary,4
dolphin,4
domain,4
dome,4
donor,4
dot,4
drip,4
drown,4
dual,4
dull,4
duration,4
dwell,4
dynamic,4
eagle,4
earl,4
ecological,4
ego,4
elbow,4
electron,4
elegant,4
elementary,4
eligible,4
embassy,4
embody,4
emperor,4
empirical,4
enact,4
enclose,4
endeavour,4
endow,4
enlarge,4
enlighten,4
enrich,4
enrol,4
entity,4
entrepreneur,4
envy,4
equity,4
erect,4
erupt,4
escort,4
essence,4
et,4
ethical,4
ethics,4
evacuate,4
eve,4
evenly,4
evoke,4
exaggerate,4
excavate,4
exclaim,4
exclusion,4
exempt,4
exert,4
exile,4
exit,4
exotic,4
expedition,4
expertise,4
explode,4
eyebrow,4
faction,4
fake,4
fame,4
fare,4
fatal,4
fax,4
federate,4
feminine,4
ferry,4
fever,4
fined,4
fiscal,4
fist,4
flank,4
flap,4
flaw,4
fleet,4
flick,4
flicker,4
fling,4
flock,4
flour,4
flourish,4
fluid,4
flush,4
fog,4
fond,4
forbid,4
fore,4
forehead,4
foresee,4
forge,4
fork,4
fort,4
forum,4
fossil,4
foul,4
fraction,4
fracture,4
fragile,4
franchise,4
fraud,4
fringe,4
frontier,4
frown,4
furious,4
furnish,4
fuse,4
galaxy,4
gallon,4
gamble,4
garlic,4
gasp,4
gauge,4
genius,4
genre,4
geology,4
geometry,4
glamour,4
glare,4
gleam,4
glide,4
glimpse,4
gloom,4
glove,4
glue,4
goat,4
gospel,4
gossip,4
graph,4
gravel,4
graze,4
grease,4
greed,4
greenhouse,4
grid,4
grief,4
grill,4
grim,4
grind,4
guardian,4
guerilla,4
gulf,4
gut,4
habitat,4
hammer,4
handicap,4
handsome,4
harass,4
hardware,4
harmony,4
harvest,4
haste,4
hatch,4
haul,4
haunt,4
heir,4
helicopter,4
helmet,4
herb,4
herd,4
hierarchy,4
hollow,4
homosexual,4
hood,4
hop,4
horizon,4
horizontal,4
hormone,4
horn,4
hostage,4
hug,4
humble,4
humiliate,4
hurricane,4
hut,4
hybrid,4
hydrogen,4
identical,4
ideological,4
idle,4
illuminate,4
illusion,4
imitate,4
immense,4
immigrate,4
impair,4
impatient,4
implicit,4
impulse,4
incidence,4
incline,4
inclusion,4
indifferent,4
indigenous,4
indirect,4
induce,4
indulge,4
infer,4
infinite,4
inflame,4
informal,4
infrastructure,4
inherent,4
inhibit,4
ink,4
inn,4
innovative,4
insect,4
insulate,4
insult,4
intact,4
integral,4
integrity,4
intelligent,4
interface,4
interim,4
interval,4
intimidate,4
intrigue,4
invade,4
invoke,4
irritate,4
jar,4
jazz,4
jerk,4
jewellery,4
judicial,4
jungle,4
jurisdiction,4
juvenile,4
keyboard,4
kidnap,4
kilogram,4
kin,4
kit,4
kneel,4
knot,4
lace,4
ladder,4
landlord,4
lap,4
laser,4
laundry,4
leaf,4
legacy,4
legislature,4
leisure,4
lemon,4
lens,4
lesbian,4
lever,4
lick,4
lieutenant,4
likewise,4
limb,4
linear,4
linger,4
linguistic,4
literacy,4
lively,4
liver,4
longing,4
loom,4
loop,4
lounge,4
lung,4
lyric,4
magnificent,4
magnitude,4
mammal,4
mandate,4
manuscript,4
marble,4
marched,4
mat,4
matrix,4
maximise,4
meantime,4
medal,4
mediate,4
medieval,4
melody,4
merchant,4
mercy,4
merit,4
metaphor,4
metropolitan,4
mid,4
mighty,4
militant,4
milligram,4
mineral,4
minimal,4
minimise,4
miracle,4
miserable,4
mist,4
mobilise,4
mock,4
moisture,4
momentum,4
monarch,4
monetary,4
monopoly,4
monument,4
mould,4
mourn,4
ms,4
multiply,4
municipal,4
murmur,4
mushroom,4
mutter,4
navigate,4
necessity,4
needle,4
nightmare,4
noble,4
nonetheless,4
nonsense,4
noon,4
norm,4
notorious,4
nought,4
nursery,4
nutrition,4
obey,4
obscure,4
obsess,4
obstacle,4
obstruct,4
odour,4
offset,4
olive,4
omit,4
ongoing,4
oppress,4
opt,4
optic,4
optimist,4
orbit,4
orchestra,4
organism,4
originate,4
orthodox,4
ounce,4
outfit,4
outlet,4
outlook,4
overhead,4
overlap,4
overnight,4
oversee,4
owl,4
oxygen,4
ozone,4
packet,4
parade,4
paradox,4
parameter,4
particle,4
passive,4
patent,4
patience,4
patriot,4
patrol,4
patron,4
pearl,4
peculiar,4
peel,4
peered,4
pencil,4
penetrate,4
periphery,4
petition,4
physician,4
physics,4
pilgrim,4
pill,4
pillow,4
pinch,4
pioneer,4
plague,4
plaintiff,4
plea,4
plead,4
pledge,4
plunge,4
plural,4
poke,4
polar,4
pond,4
pope,4
portfolio,4
portray,4
poster,4
postpone,4
preach,4
precious,4
predator,4
predecessor,4
predominant,4
prejudice,4
preliminary,4
premier,4
premium,4
preoccupy,4
prescribe,4
prescription,4
presidency,4
prestige,4
prevail,4
prevalent,4
prey,4
primitive,4
privatise,4
proclaim,4
prolong,4
prop,4
proposition,4
prostitute,4
protocol,4
publicity,4
pulse,4
pursuit,4
questionnaire,4
quota,4
rack,4
ram,4
ranger,4
rap,4
rattle,4
realm,4
receipt,4
recipient,4
reconcile,4
recreation,4
recur,4
recycle,4
refine,4
refresh,4
regain,4
regress,4
rehabilitate,4
rehearse,4
reign,4
relevance,4
repay,4
repress,4
resent,4
residue,4
retrieve,4
rhetoric,4
rib,4
ridge,4
rifle,4
rigid,4
rigour,4
riot,4
roast,4
robot,4
rocked,4
rocket,4
rod,4
romance,4
roses,4
rotate,4
rubber,4
rug,4
sack,4
sacred,4
salmon,4
sane,4
satisfactory,4
savage,4
scar,4
scarce,4
scenario,4
scent,4
sceptic,4
scholarship,4
scout,4
scramble,4
scrap,4
scrape,4
script,4
scrutiny,4
secular,4
seldom,4
seminar,4
senator,4
sensation,4
sentencing,4
sentiment,4
sergeant,4
shaft,4
shallow,4
shatter,4
sheer,4
sheriff,4
shrink,4
signature,4
simulate,4
sincere,4
sip,4
sketch,4
skip,4
skull,4
slam,4
slap,4
sleeve,4
slim,4
slot,4
slump,4
snatch,4
soak,4
soap,4
soar,4
soccer,4
socialist,4
sociology,4
sodium,4
solar,4
solo,4
span,4
spark,4
sparkle,4
spatial,4
specimen,4
spectacle,4
spectacular,4
spectrum,4
sphere,4
spice,4
spike,4
spine,4
spit,4
splash,4
spontaneous,4
spoon,4
spouse,4
spur,4
spy,4
squad,4
stab,4
stack,4
stadium,4
stagger,4
stall,4
stance,4
startle,4
statue,4
steep,4
steer,4
stereotype,4
stern,4
stimulus,4
sting,4
stitch,4
straightforward,4
strand,4
strap,4
straw,4
streak,4
stride,4
stripe,4
stroll,4
stuffed,4
stumble,4
subjected,4
subjective,4
subordinate,4
subscribe,4
subsidiary,4
sued,4
suite,4
summon,4
superb,4
supper,4
suppress,4
surge,4
surgeon,4
surplus,4
surrender,4
swift,4
syndrome,4
synthesis,4
tablespoon,4
tag,4
tangle,4
telecom,4
telescope,4
temple,4
tenant,4
terminal,4
terminate,4
terrace,4
terrify,4
testament,4
testimony,4
textile,4
texture,4
theft,4
theology,4
thesis,4
thigh,4
thou,4
thread,4
threshold,4
thrive,4
thrust,4
thumb,4
thunder,4
tick,4
tiger,4
tile,4
tilt,4
timber,4
tobacco,4
tolerate,4
torture,4
toxic,4
tragic,4
trait,4
transcript,4
transplant,4
trauma,4
tremble,4
triangle,4
tribunal,4
tribute,4
trim,4
trophy,4
tropics,4
trousers,4
trustee,4
tuck,4
tug,4
tumble,4
tumour,4
turnover,4
tutor,4
undermine,4
unify,4
upgrade,4
upwards,4
utilise,4
utter,4
validate,4
vanish,4
veil,4
vein,4
vendor,4
venue,4
verbal,4
verdict,4
verify,4
verse,4
vertical,4
veterinarian,4
viable,4
vibrate,4
vigorous,4
villa,4
virgin,4
vitamin,4
vivid,4
vocal,4
vocation,4
volcano,4
wagon,4
waist,4
waiter,4
wan,4
ward,4
warehouse,4
warrant,4
warrior,4
wax,4
weary,4
webs,4
weep,4
wells,4
whale,4
whiskey,4
widow,4
wit,4
worship,4
wreck,4
wrist,4
abbey,5
abdomen,5
abolish,5
accessory,5
adore,5
advocacy,5
aerial,5
aftermath,5
aggravate,5
aggregate,5
agitate,5
aide,5
ail,5
airways,5
aisle,5
albeit,5
algorithm,5
allegiance,5
allergy,5
aloud,5
altar,5
altitude,5
ambiguity,5
ammunition,5
amnesty,5
ample,5
amplify,5
analogy,5
analytic,5
anatomy,5
anecdote,5
angler,5
anguish,5
anomaly,5
ant,5
antibiotic,5
antibody,5
apparatus,5
appendix,5
appetite,5
applaud,5
applause,5
appliance,5
apprehend,5
apprentice,5
appropriated,5
apt,5
aquarium,5
arbitrary,5
arbitrate,5
arc,5
arctic,5
artery,5
artillery,5
ascend,5
ass,5
assimilate,5
asthma,5
asylum,5
audible,5
authoritarian,5
autobiography,5
automate,5
autonomous,5
aviation,5
awe,5
axis,5
badge,5
bail,5
bait,5
balcony,5
bald,5
banner,5
baptist,5
baron,5
basketball,5
batch,5
battalion,5
beloved,5
beneficiary,5
beta,5
bewilder,5
bilateral,5
binoculars,5
bleak,5
blockade,5
blossom,5
blouse,5
blunt,5
blush,5
botany,5
bourgeois,5
bout,5
bowel,5
boycott,5
brace,5
bracket,5
bribe,5
brigade,5
brisk,5
brochure,5
brow,5
buckle,5
bud,5
buffer,5
bulge,5
bulletin,5
burgle,5
bust,5
butcher,5
butt,5
bypass,5
calf,5
candy,5
cane,5
cannon,5
captive,5
carbohydrate,5
cardboard,5
cardinal,5
cassette,5
catastrophe,5
causal,5
cellar,5
cellular,5
cement,5
ceramic,5
cereal,5
chalk,5
chant,5
chap,5
charitable,5
chatter,5
chemist,5
cherry,5
chimney,5
chord,5
chorus,5
chuck,5
chuckle,5
cigar,5
circus,5
clamp,5
clan,5
clap,5
clasp,5
claw,5
cleanse,5
clench,5
clergy,5
cloak,5
clown,5
coarse,5
cocaine,5
cock,5
cocktail,5
coefficient,5
coerce,5
coil,5
coke,5
collision,5
comb,5
commemorate,5
commence,5
commend,5
commonwealth,5
communal,5
communism,5
compartment,5
compassion,5
compliment,5
composite,5
compost,5
comrade,5
conclusive,5
condense,5
condom,5
cone,5
confederate,5
confide,5
congest,5
conquer,5
consecutive,5
consortium,5
conspicuous,5
convene,5
converge,5
conversely,5
coral,5
corpse,5
cosmetic,5
cosy,5
courtyard,5
covenant,5
cowboy,5
crab,5
cradle,5
cramp,5
crane,5
creek,5
crest,5
cricket,5
cripple,5
crook,5
crouch,5
crunch,5
crusade,5
cub,5
cue,5
culminate,5
cupboard,5
curator,5
curb,5
cushion,5
cylinder,5
dairy,5
dale,5
dangle,5
dart,5
daunt,5
dazzle,5
debris,5
deceased,5
decree,5
deed,5
default,5
definitive,5
degrade,5
delete,5
delta,5
demise,5
demon,5
denounce,5
dentist,5
dependency,5
deplete,5
depot,5
descent,5
dessert,5
detention,5
deviate,5
diagnostic,5
dice,5
diesel,5
differential,5
diffuse,5
dilute,5
dinosaur,5
diocese,5
diplomacy,5
disapprove,5
disarm,5
discern,5
discrepancy,5
disgrace,5
disintegrate,5
dismantle,5
dismay,5
dispense,5
disposition,5
dissatisfy,5
dissent,5
ditch,5
diverge,5
diversify,5
diversion,5
divert,5
dizzy,5
dodge,5
dole,5
dominance,5
doom,5
drape,5
drastic,5
dread,5
dreadful,5
drought,5
drunken,5
dub,5
dubious,5
dumb,5
duplicate,5
durable,5
dusk,5
dwarf,5
dye,5
dynamics,5
earnest,5
earthquake,5
eccentric,5
eclipse,5
ecology,5
ecstasy,5
efficacy,5
elastic,5
electorate,5
elf,5
elicit,5
elusive,5
embark,5
embed,5
embroider,5
embryo,5
emigrate,5
empower,5
encompass,5
engrave,5
enlist,5
enquire,5
ensemble,5
ensue,5
entail,5
enzyme,5
epic,5
epidemic,5
equilibrium,5
erase,5
erode,5
erosion,5
escalate,5
eternal,5
evangelical,5
evaporate,5
ex,5
exacerbate,5
expanse,5
expel,5
expire,5
exquisite,5
exterior,5
extinct,5
fabulous,5
facial,5
factual,5
farewell,5
fasten,5
fatigue,5
feasible,5
feast,5
fend,5
festive,5
fiddle,5
filth,5
fixture,5
flake,5
flare,5
flats,5
flatter,5
flop,5
fluctuate,5
flutter,5
foam,5
foil,5
foliage,5
formidable,5
forthcoming,5
fountain,5
fragrant,5
frantic,5
freight,5
fume,5
fungus,5
fury,5
fuss,5
garment,5
gel,5
generals,5
generator,5
gig,5
giggle,5
ginger,5
glaze,5
glitter,5
globe,5
goose,5
gown,5
gram,5
grammar,5
grape,5
grate,5
gratitude,5
grit,5
groan,5
groom,5
grove,5
growl,5
grunt,5
guild,5
gum,5
gymnasium,5
hack,5
hail,5
ham,5
hamburger,5
handkerchief,5
harness,5
hatred,5
hawk,5
hay,5
heave,5
heighten,5
hemisphere,5
hen,5
herald,5
heroin,5
heterosexual,5
highland,5
hike,5
hinder,5
hinge,5
hiss,5
hockey,5
holly,5
horrified,5
hover,5
howl,5
hum,5
humanitarian,5
hurdle,5
hurl,5
icon,5
id,5
ignite,5
ignorance,5
immerse,5
imminent,5
imperative,5
implant,5
improvise,5
incidental,5
incumbent,5
incur,5
indict,5
inferior,5
inflict,5
influenza,5
infuse,5
inhale,5
inland,5
inmate,5
innings,5
innocence,5
intake,5
intelligible,5
intercept,5
intercourse,5
intermediate,5
interrogate,5
intersect,5
intestine,5
intrinsic,5
intrude,5
inventory,5
ion,5
ivory,5
jealous,5
jeopardy,5
jewel,5
jockey,5
jog,5
journalism,5
judiciary,5
junction,5
junk,5
kidney,5
knight,5
lad,5
laden,5
lag,5
lament,5
landmark,5
lapse,5
larva,5
lash,5
lateral,5
lavish,5
leaflet,5
leash,5
legion,5
lesion,5
lethal,5
liaison,5
lightning,5
lime,5
limp,5
linen,5
lining,5
liquor,5
litigate,5
litter,5
logo,5
loot,5
lure,5
lurk,5
lust,5
madam,5
magistrate,5
maid,5
majesty,5
mall,5
mandatory,5
mankind,5
manor,5
mansion,5
marathon,5
marines,5
marital,5
marsh,5
marshal,5
martyr,5
masculine,5
massacre,5
massage,5
maternal,5
mattress,5
meadow,5
median,5
medication,5
meditate,5
membrane,5
memo,5
memoir,5
memorable,5
menace,5
messenger,5
microphone,5
microscope,5
midst,5
migrant,5
militia,5
millennium,5
millilitre,5
mimic,5
miniature,5
mint,5
misery,5
mistress,5
mitigate,5
moan,5
mob,5
modem,5
moist,5
monastery,5
monk,5
moor,5
morale,5
mortar,5
mosaic,5
mosquito,5
motif,5
moulding,5
mound,5
moustache,5
mucus,5
mug,5
multimedia,5
multinational,5
muse,5
mutate,5
mute,5
mystic,5
naive,5
nationality,5
negligent,5
nephew,5
niche,5
nickname,5
nitrogen,5
node,5
nominal,5
nominee,5
notify,5
nowadays,5
nucleus,5
nude,5
nuisance,5
numb,5
numeric,5
nun,5
nurture,5
nutrient,5
oath,5
obscene,5
offspring,5
onset,5
optimal,5
optimism,5
orient,5
ornament,5
orphan,5
outright,5
outset,5
oval,5
override,5
overt,5
overthrow,5
overview,5
pa,5
pact,5
paddle,5
pal,5
pants,5
papa,5
par,5
paradigm,5
paradise,5
paralyse,5
parasite,5
parcel,5
partisan,5
passport,5
pasta,5
paste,5
pastel,5
pastoral,5
pastry,5
pasture,5
pathetic,5
patriarch,5
pea,5
peach,5
pedal,5
pedestrian,5
pending,5
peninsula,5
perch,5
perfume,5
peril,5
persecute,5
persuasion,5
pest,5
pesticide,5
petroleum,5
petty,5
pharmaceutical,5
physicist,5
pickup,5
picnic,5
pier,5
pierce,5
pigeon,5
pillar,5
pint,5
pipeline,5
pirate,5
pistol,5
pivot,5
pizza,5
plains,5
plantation,5
plasma,5
plaster,5
plausible,5
plough,5
pluck,5
plumbing,5
poise,5
ponder,5
pony,5
porch,5
pork,5
posture,5
potent,5
pounding,5
pragmatic,5
precaution,5
precipitate,5
premature,5
presently,5
preside,5
probation,5
procession,5
prone,5
propel,5
prophet,5
proprietor,5
prose,5
prototype,5
proximity,5
prudent,5
publicize,5
puff,5
purse,5
putt,5
pyramid,5
qualitative,5
quantify,5
quantum,5
quarrel,5
quarry,5
query,5
quest,5
radar,5
radioactive,5
rag,5
rainbow,5
rake,5
ramp,5
ranch,5
ratify,5
ration,5
rationale,5
recite,5
reckless,5
reclaim,5
recollect,5
rectangle,5
redundant,5
reef,5
reel,5
referee,5
referendum,5
regiment,5
rein,5
relay,5
relentless,5
relish,5
reluctance,5
remainder,5
reminisce,5
renaissance,5
renovate,5
renown,5
replicate,5
reproductive,5
requisite,5
reservoir,5
resurrect,5
retaliate,5
retention,5
retrospect,5
reunion,5
revenge,5
revere,5
revolt,5
revolve,5
ribbon,5
rig,5
rim,5
rinse,5
ripe,5
ripple,5
rite,5
roam,5
robe,5
robust,5
rove,5
rumble,5
runway,5
rust,5
ruthless,5
sacks,5
saddle,5
salon,5
salute,5
salvation,5
sanctuary,5
saturate,5
scarf,5
scoop,5
scripture,5
scrub,5
seam,5
seasoning,5
sediment,5
seduce,5
segregate,5
semantic,5
sensor,5
serial,5
sermon,5
serum,5
sever,5
sewage,5
shark,5
shepherd,5
shorts,5
shred,5
shrimp,5
shrine,5
shrub,5
shudder,5
shuffle,5
shuttle,5
sibling,5
siege,5
signify,5
silicon,5
simmer,5
simplicity,5
singular,5
skate,5
skeleton,5
slab,5
slack,5
slash,5
slate,5
slaughter,5
slender,5
slick,5
slogan,5
smack,5
smear,5
smuggle,5
snack,5
sneak,5
sniff,5
sob,5
sober,5
socialise,5
socialism,5
socket,5
sofa,5
solemn,5
solicitor,5
solidarity,5
solitary,5
soothe,5
sorrow,5
sour,5
sow,5
spa,5
spawn,5
spear,5
spectator,5
spider,5
spiral,5
spite,5
splendid,5
sprawl,5
sprinkle,5
sprint,5
sprout,5
squash,5
squat,5
staircase,5
stalk,5
stark,5
static,5
stepmother,5
stereo,5
sterile,5
sterling,5
steward,5
sticky,5
stink,5
stocking,5
stool,5
stove,5
stray,5
strive,5
stubborn,5
stud,5
stump,5
submarine,5
submission,5
substantive,5
sulphur,5
superficial,5
superintendent,5
surf,5
surgical,5
surveillance,5
susceptible,5
swamp,5
swap,5
sway,5
sweater,5
swirl,5
symmetry,5
symphony,5
synthetic,5
tablet,5
tabloid,5
tack,5
tailor,5
tame,5
tan,5
tangible,5
tariff,5
technician,5
tee,5
teen,5
telegraph,5
temper,5
temperament,5
temporal,5
tentative,5
tenure,5
terrain,5
terrific,5
testify,5
theological,5
therapeutic,5
thereafter,5
thermal,5
throne,5
thump,5
tidy,5
toddle,5
token,5
tolerance,5
tolerant,5
toll,5
tomb,5
torch,5
torment,5
tow,5
tract,5
tractor,5
trailer,5
tranquil,5
transcend,5
transit,5
transparent,5
tread,5
trench,5
trickle,5
trio,5
triple,5
trivial,5
trot,5
trout,5
trumpet,5
tub,5
turbulence,5
turf,5
turtle,5
twitch,5
typed,5
ulcer,5
umbrella,5
un,5
unanimous,5
underestimate,5
undergraduate,5
underline,5
uphold,5
upright,5
urine,5
usage,5
usher,5
utterly,5
vacant,5
vacation,5
vaccine,5
vacuum,5
valve,5
vase,5
vegetarian,5
vegetation,5
velocity,5
velvet,5
vent,5
ventilate,5
verb,5
verge,5
versatile,5
vest,5
veto,5
vicious,5
vigil,5
vine,5
vinegar,5
vintage,5
violin,5
visa,5
vocabulary,5
void,5
volatile,5
volt,5
voucher,5
vow,5
voyage,5
wail,5
wallet,5
wardrobe,5
warfare,5
wary,5
wedge,5
wee,5
weld,5
whatsoever,5
wheat,5
whereby,5
whisk,5
wholesale,5
wilderness,5
winding,5
wink,5
wireless,5
witch,5
withhold,5
wizard,5
worthwhile,5
wrestle,5
wrinkle,5
yacht,5
zip,5
zoo,5
abduct,6
abide,6
abolition,6
abound,6
acclaim,6
accredit,6
accrue,6
accord,6
acquit,6
adequacy,6
adjective,6
adjoin,6
admiral,6
adorn,6
advent,6
adversary,6
aerobics,6
aerospace,6
affinity,6
afflict,6
affluent,6
akin,6
alas,6
ale,6
algae,6
alleviate,6
allot,6
almond,6
alphabet,6
alps,6
amber,6
ambivalent,6
ambush,6
amenity,6
analogous,6
anarchy,6
annex,6
ante,6
antiquity,6
apartheid,6
ape,6
apostle,6
apron,6
aquatic,6
aristocrat,6
armchair,6
aroma,6
arthritis,6
artisan,6
ascent,6
ascertain,6
ascribe,6
ashore,6
assail,6
assorted,6
asymmetry,6
attentive,6
attic,6
audition,6
augment,6
aura,6
austere,6
authoritative,6
avert,6
awesome,6
babe,6
bachelor,6
baffle,6
bandage,6
banish,6
banquet,6
barb,6
barbecue,6
barge,6
barracks,6
barren,6
bash,6
beckon,6
beetle,6
beforehand,6
behold,6
bellow,6
benevolent,6
benign,6
berry,6
beware,6
bibliography,6
binary,6
biopsy,6
bladder,6
bland,6
blatant,6
bleach,6
bliss,6
blister,6
bloc,6
blot,6
blueprint,6
bluff,6
bobbed,6
bog,6
bolster,6
bombard,6
booth,6
borough,6
boulder,6
braid,6
brandy,6
brassiere,6
breadth,6
briefcase,6
brim,6
brink,6
bristle,6
brood,6
brownie,6
browse,6
buddy,6
buffet,6
bum,6
bun,6
bungalow,6
bunker,6
bunny,6
buoy,6
burrow,6
bustle,6
cabbage,6
cadet,6
calcium,6
camel,6
canon,6
canopy,6
capitalise,6
capsule,6
caption,6
caravan,6
cardiac,6
caress,6
carnival,6
carol,6
carpenter,6
cartel,6
cartridge,6
cascade,6
casino,6
catalyst,6
cavalry,6
cavern,6
cavity,6
chaired,6
chaotic,6
chaplain,6
charcoal,6
charisma,6
cherish,6
chess,6
chestnut,6
chilli,6
chimpanzee,6
chore,6
choreograph,6
chromosome,6
chronology,6
churn,6
clatter,6
cleave,6
clerical,6
climax,6
clinch,6
clog,6
closet,6
clove,6
clump,6
clumsy,6
clutter,6
cobble,6
cockpit,6
cocoa,6
coconut,6
cohort,6
collide,6
colon,6
columnist,6
comet,6
commonplace,6
communion,6
compass,6
complacent,6
compulsory,6
concurrent,6
confiscate,6
conglomerate,6
conjunction,6
conjure,6
conquest,6
conservatism,6
conspire,6
constable,6
construe,6
contented,6
contentious,6
continuum,6
contour,6
contraction,6
convoy,6
coronary,6
coroner,6
corporal,6
corpus,6
corrode,6
cosmic,6
coupon,6
covert,6
cracker,6
crackle,6
cram,6
crate,6
crater,6
crave,6
creak,6
crease,6
credentials,6
crow,6
crumb,6
crumple,6
cuff,6
cuisine,6
cumulative,6
curry,6
curtail,6
cute,6
deacon,6
dean,6
deceive,6
decency,6
decentralize,6
deception,6
defected,6
deflect,6
deform,6
degenerate,6
deliberated,6
delinquent,6
delude,6
dementia,6
demolish,6
den,6
denomination,6
denote,6
dent,6
dental,6
deport,6
deposition,6
deregulate,6
deride,6
despise,6
detriment,6
devalue,6
deviant,6
diagonal,6
dialect,6
diarrhoea,6
digit,6
dignify,6
diligent,6
diploma,6
dire,6
disciple,6
disco,6
disconnect,6
discontent,6
discredit,6
discrete,6
disdain,6
dishonest,6
disillusion,6
dismal,6
disparity,6
disproportion,6
disqualify,6
disseminate,6
dissident,6
distaste,6
distil,6
distrust,6
donkey,6
dormitory,6
dough,6
dove,6
drawback,6
duct,6
dummy,6
dune,6
dwindle,6
dynasty,6
ecosystem,6
eerie,6
eldest,6
elegance,6
eloquent,6
emanate,6
embargo,6
eminent,6
empathy,6
emphatic,6
emulate,6
enchant,6
encode,6
entice,6
entrench,6
epidemiology,6
epistemology,6
equate,6
equitable,6
equivocal,6
eradicate,6
erotic,6
err,6
esteem,6
etch,6
eternity,6
ethanol,6
ethnography,6
euro,6
evade,6
evict,6
exasperate,6
excel,6
excise,6
excursion,6
exemplar,6
exemplify,6
exhilarate,6
explicable,6
extravagant,6
fabricate,6
facet,6
falcon,6
falter,6
famine,6
fanatic,6
fascist,6
feat,6
feeble,6
felled,6
feminism,6
fern,6
fidelity,6
fiery,6
fin,6
finite,6
firearm,6
firefight,6
firework,6
fleeting,6
flex,6
flirt,6
flora,6
floral,6
fluent,6
fluff,6
fluorescent,6
flute,6
flux,6
focal,6
foe,6
folder,6
folly,6
footing,6
forensic,6
forgo,6
fortify,6
fortress,6
frail,6
fray,6
freak,6
freelance,6
frenzy,6
fret,6
friction,6
fumble,6
futile,6
gag,6
gala,6
gall,6
gallop,6
gape,6
garbage,6
garnish,6
garrison,6
gem,6
genesis,6
genome,6
gentry,6
gigantic,6
gin,6
glacier,6
gland,6
glint,6
glisten,6
gloss,6
glossy,6
godfather,6
gothic,6
gracious,6
graft,6
granite,6
granny,6
gratify,6
grievance,6
grieve,6
grimace,6
groove,6
grudge,6
grumble,6
gulp,6
gutter,6
gypsy,6
halve,6
hamper,6
handbook,6
hare,6
hearty,6
heath,6
hectare,6
heed,6
hegemony,6
hem,6
hepatitis,6
heroine,6
hesitant,6
hijack,6
hitch,6
hoist,6
holistic,6
homicide,6
homogeneous,6
honeymoon,6
horrific,6
hose,6
hospitality,6
hound,6
hub,6
huddle,6
hue,6
hull,6
humane,6
humanities,6
humid,6
hunch,6
hush,6
hygiene,6
hymn,6
hype,6
hypothetical,6
hysterical,6
ibid,6
idol,6
ignorant,6
immoral,6
impeach,6
impede,6
impending,6
impetus,6
impoverish,6
imprint,6
inadvertent,6
inaugurate,6
incarnate,6
incinerate,6
incise,6
inclusive,6
incomprehensible,6
increment,6
incubate,6
indignant,6
indispensable,6
induct,6
infantry,6
infiltrate,6
influx,6
informative,6
infringe,6
injunction,6
inscribe,6
inscription,6
insulin,6
insurgent,6
intellect,6
interchange,6
intermittent,6
intern,6
intolerable,6
intricate,6
intrusion,6
intuition,6
intuitive,6
invert,6
involuntary,6
ironed,6
irresistible,6
irrigate,6
irritable,6
isle,6
itch,6
jaguar,6
jealousy,6
jeep,6
jelly,6
jersey,6
jolly,6
jolt,6
jug,6
juggle,6
juror,6
justly,6
kettle,6
kidding,6
kite,6
knob,6
knuckle,6
lance,6
lantern,6
latch,6
latent,6
latitude,6
lava,6
lavender,6
ledge,6
lettuce,6
levy,6
lily,6
limousine,6
lineage,6
liner,6
liquidate,6
litre,6
liturgy,6
lizard,6
lo,6
loaf,6
loathe,6
lobster,6
locality,6
locker,6
locomotive,6
locus,6
loft,6
logistics,6
lottery,6
lotus,6
lucrative,6
luggage,6
lumber,6
luminous,6
lurch,6
lush,6
magnify,6
mahogany,6
maiden,6
makeup,6
malign,6
mantle,6
maple,6
mar,6
mare,6
maritime,6
martial,6
mash,6
masterpiece,6
materialize,6
maze,6
mega,6
melancholy,6
memorandum,6
mend,6
mentor,6
merchandise,6
mercury,6
mesh,6
metabolism,6
metaphysic,6
meteor,6
meticulous,6
micro,6
millionaire,6
mince,6
mingle,6
mini,6
miraculous,6
mischief,6
mole,6
mop,6
morbid,6
mosque,6
moss,6
moth,6
muffle,6
mule,6
multicultural,6
multitude,6
mumble,6
mundane,6
muscular,6
mustard,6
muster,6
myriad,6
mythology,6
nag,6
nap,6
nausea,6
necessitate,6
necklace,6
neuron,6
niece,6
nightclub,6
nitrate,6
nostalgia,6
nostril,6
notate,6
notch,6
notwithstanding,6
nourish,6
novelty,6
novice,6
nudge,6
nylon,6
obese,6
ominous,6
omission,6
onwards,6
opportune,6
optimise,6
oracle,6
orchard,6
ordeal,6
ore,6
oscar,6
oscillate,6
ostensible,6
oust,6
outing,6
outlaw,6
outskirts,6
outweigh,6
overcrowd,6
overhaul,6
overhear,6
overtake,6
overweight,6
oxide,6
oyster,6
pagan,6
palette,6
pamphlet,6
pant,6
papal,6
parachute,6
paramount,6
parlour,6
parody,6
parrot,6
parsley,6
partiality,6
partition,6
pastor,6
pathology,6
patio,6
patronage,6
pavilion,6
paw,6
payroll,6
peanut,6
pear,6
pebble,6
pedagogy,6
peg,6
penis,6
perennial,6
perimeter,6
perish,6
perk,6
perpetrate,6
perpetual,6
perpetuate,6
pervasive,6
perverse,6
petal,6
pharmacy,6
physiological,6
picket,6
pickle,6
pigment,6
pike,6
pinpoint,6
planed,6
plank,6
plaque,6
plateau,6
plight,6
plum,6
plume,6
plump,6
pneumonia,6
poach,6
polo,6
polymer,6
pornography,6
portable,6
portal,6
poultry,6
pre,6
precarious,6
preclude,6
premiere,6
presuppose,6
preview,6
procure,6
prod,6
proliferate,6
prominence,6
propaganda,6
propagate,6
proponent,6
protagonist,6
provisional,6
prune,6
psychic,6
punctuate,6
punk,6
puppet,6
purge,6
purify,6
purport,6
pyjamas,6
quartet,6
queue,6
quilt,6
quiver,6
quiz,6
racket,6
radiance,6
radius,6
raft,6
ragged,6
ramble,6
rash,6
rave,6
razor,6
reap,6
rebound,6
recede,6
receptive,6
receptor,6
recess,6
reciprocal,6
redeem,6
redemption,6
reed,6
reflex,6
refrain,6
refund,6
refurbish,6
regenerate,6
registry,6
reimburse,6
reinstate,6
reiterate,6
relegate,6
relic,6
relinquish,6
remnant,6
renounce,6
repeal,6
repel,6
repertoire,6
resilience,6
resonance,6
respirator,6
retard,6
retort,6
revel,6
reverend,6
revert,6
rhyme,6
riddle,6
robin,6
rogue,6
rouge,6
rouse,6
rubble,6
rugby,6
rugged,6
rustle,6
sacrament,6
sag,6
saga,6
sage,6
salient,6
saloon,6
salvage,6
satin,6
satire,6
savour,6
scalp,6
scant,6
scarlet,6
schizophrenic,6
scissors,6
scorn,6
scowl,6
screech,6
scribble,6
scroll,6
secrecy,6
secrete,6
seep,6
seizure,6
sensory,6
sensual,6
serene,6
sewer,6
shear,6
sherry,6
shimmer,6
shortcoming,6
shovel,6
shrewd,6
shriek,6
shroud,6
shutter,6
sic,6
sideline,6
sift,6
silhouette,6
sinister,6
siren,6
skim,6
skinny,6
slay,6
sleek,6
sling,6
slipper,6
slippery,6
slit,6
slop,6
slug,6
slum,6
sly,6
snag,6
snarl,6
snipe,6
snort,6
soda,6
solicit,6
solvent,6
sophistication,6
souvenir,6
sparse,6
spectre,6
sperm,6
splinter,6
sponge,6
spreadsheet,6
squadron,6
squeak,6
squint,6
squirrel,6
staple,6
stature,6
steroid,6
stew,6
stifle,6
stipulate,6
stoop,6
stout,6
strait,6
stranded,6
strangle,6
streamline,6
stringent,6
sturdy,6
subdivide,6
subdue,6
submerge,6
subside,6
subsist,6
subvert,6
succumb,6
suffice,6
surpass,6
surreal,6
swarm,6
swoop,6
syllable,6
syndicate,6
synonym,6
syrup,6
tab,6
taboo,6
tally,6
tanker,6
tart,6
tattoo,6
taunt,6
tavern,6
terminology,6
theologian,6
thorn,6
thrash,6
throb,6
thwart,6
tickle,6
tier,6
topple,6
torque,6
tout,6
toxin,6
trafficked,6
transcribe,6
transient,6
trash,6
traverse,6
treachery,6
trek,6
tribune,6
trinity,6
trolley,6
trump,6
tsar,6
tuberculosis,6
tuition,6
tuna,6
turbine,6
turmoil,6
twilight,6
twine,6
twofold,6
typewrite,6
ultraviolet,6
umpire,6
underpin,6
understate,6
underway,6
underwrite,6
unilateral,6
unison,6
unravel,6
unrest,6
unsettle,6
upheaval,6
uprising,6
uranium,6
vacancy,6
vaccinate,6
vagina,6
vain,6
vandal,6
vanity,6
vapour,6
vault,6
vector,6
vibrant,6
vicinity,6
villain,6
vitality,6
vomit,6
wade,6
waive,6
walnut,6
wane,6
warden,6
warp,6
warranty,6
wasp,6
waver,6
whine,6
whirl,6
whore,6
wield,6
wig,6
willow,6
wince,6
wither,6
withstand,6
wobble,6
woe,6
woo,6
wrench,6
wretch,6
wry,6
yank,6
yarn,6
yawn,6
yearn,6
yeast,6
yen,6
zeal,6
zoom,6
abate,7
abbreviate,7
aborigine,7
accentuate,7
acorn,7
acquiesce,7
acrylic,7
adamant,7
adept,7
adjourn,7
adjudicate,7
admonish,7
adultery,7
affidavit,7
agile,7
allegory,7
alloy,7
allude,7
almighty,7
alumni,7
amass,7
ambience,7
amen,7
amidst,7
amino,7
ammonia,7
amphibian,7
anaemia,7
anal,7
angular,7
anonymity,7
anorexia,7
antagonist,7
antenna,7
anthem,7
apathy,7
apocalypse,7
apologetic,7
appease,7
apricot,7
arcade,7
archer,7
archetype,7
ardent,7
arid,7
aristocracy,7
arithmetic,7
ark,7
arson,7
artifact,7
asbestos,7
aspirin,7
assay,7
astound,7
astronaut,7
astronomical,7
atheist,7
atlas,7
atop,7
atrocity,7
attest,7
auditorium,7
autograph,7
auxiliary,7
avail,7
avalanche,7
averse,7
avid,7
badger,7
bale,7
ballad,7
bamboo,7
baptise,7
baptism,7
barbarian,7
barley,7
baroque,7
barrage,7
barricade,7
basque,7
beacon,7
beak,7
benchmark,7
bereave,7
berth,7
bestow,7
beverage,7
bile,7
bilingual,7
bingo,7
biotechnology,7
blackmail,7
blah,7
blazer,7
blight,7
blitz,7
bloke,7
blunder,7
bonfire,7
booze,7
bounty,7
bouquet,7
boutique,7
bracelet,7
bridle,7
brilliance,7
brittle,7
brook,7
broom,7
broth,7
buff,7
buffalo,7
bulldoze,7
bunk,7
burgeon,7
busted,7
cad,7
caddie,7
calibrate,7
cam,7
camouflage,7
candid,7
canteen,7
canvass,7
canyon,7
carcass,7
carcinoma,7
cardiovascular,7
caricature,7
carp,7
carton,7
casserole,7
caste,7
categorical,7
caterpillar,7
catfish,7
cavalier,7
cedar,7
celery,7
cerebral,7
cervix,7
char,7
chemotherapy,7
chic,7
chime,7
chisel,7
chlorine,7
choral,7
cider,7
cinnamon,7
clad,7
clamber,7
clamour,7
cleric,7
clockwise,7
clot,7
clout,7
coax,7
cod,7
coexist,7
coherence,7
cohesion,7
cohesive,7
colt,7
coma,7
combustion,7
commando,7
compassionate,7
complexion,7
compulsion,7
concerto,7
conciliate,7
concoct,7
concur,7
confound,7
conscientious,7
conscript,7
conservatory,7
consign,7
constellation,7
consul,7
contraception,7
contraceptive,7
contractual,7
contrive,7
convent,7
convulse,7
cookie,7
cork,7
cosmology,7
cosmopolitan,7
cosmos,7
cot,7
cove,7
covet,7
coward,7
crag,7
crank,7
craze,7
creed,7
creole,7
crescent,7
crimson,7
crocodile,7
crucifix,7
cucumber,7
cuddle,7
culinary,7
culprit,7
cunning,7
curt,7
customise,7
dab,7
dagger,7
dame,7
daze,7
deceptive,7
decipher,7
decode,7
decompose,7
deconstruct,7
decor,7
deduce,7
defiance,7
deflate,7
deft,7
delicacy,7
delineate,7
demolition,7
denim,7
deplore,7
depreciate,7
desolate,7
destabilize,7
detergent,7
detonate,7
detract,7
devoid,7
devolve,7
devour,7
dialectic,7
discomfort,7
disconcert,7
discontinue,7
disinfect,7
dislocate,7
disorientate,7
disparate,7
dispel,7
dissect,7
dissertation,7
dissipate,7
dissolution,7
distal,7
divinity,7
dogged,7
dominion,7
donned,7
dope,7
downright,7
doze,7
drake,7
drawl,7
dredge,7
dresser,7
dribble,7
drizzle,7
drone,7
droop,7
duchess,7
duo,7
dysfunction,7
ebb,7
ecclesiastic,7
ecumenical,7
egalitarian,7
eject,7
electrode,7
electromagnetic,7
elm,7
elongate,7
elude,7
emancipate,7
embellish,7
emblem,7
emerald,7
enamel,7
enclave,7
encroach,7
encyclopedia,7
endear,7
endoscope,7
engender,7
engulf,7
entrant,7
envoy,7
episcopal,7
equator,7
errand,7
erratic,7
erroneous,7
espouse,7
estrange,7
estuary,7
ethic,7
ethos,7
exacted,7
excerpt,7
exhort,7
existential,7
exodus,7
expedient,7
expend,7
exposition,7
expulsion,7
extinguish,7
extradite,7
extravagance,7
exuberant,7
fable,7
facade,7
fairway,7
farce,7
fascism,7
fathom,7
fauna,7
ferment,7
ferocious,7
ferret,7
fervent,7
fetal,7
feud,7
feudal,7
finale,7
fixate,7
flair,7
flea,7
fledge,7
flinch,7
flurry,7
font,7
footage,7
forage,7
foreman,7
forfeit,7
formative,7
foyer,7
franc,7
fraternity,7
fraudulent,7
fresco,7
fruitful,7
fugitive,7
funk,7
funnel,7
furnace,7
furrow,7
fuzz,7
gable,7
gadget,7
galley,7
galvanize,7
gamma,7
gangster,7
gastric,7
gastrointestinal,7
genital,7
genocide,7
germ,7
ghetto,7
gild,7
glean,7
glee,7
glimmer,7
glucose,7
gorge,7
governance,7
gradient,7
graffiti,7
grammatical,7
grapple,7
gravely,7
gravy,7
grenade,7
groin,7
grope,7
grotesque,7
guinea,7
guise,7
gull,7
gully,7
guru,7
gush,7
gust,7
habitual,7
haemorrhage,7
hallmark,7
hamlet,7
handcuff,7
hardy,7
harmonic,7
harmonise,7
harp,7
hassle,7
havoc,7
haze,7
headlight,7
heady,7
hearth,7
hectic,7
hefty,7
helm,7
heron,7
herring,7
hideous,7
hilarious,7
hind,7
hippy,7
hispanic,7
hitherto,7
hive,7
hoard,7
hoarse,7
hog,7
homage,7
hoof,7
hooker,7
hoop,7
hoot,7
hoover,7
horde,7
hospice,7
hostel,7
humility,7
hump,7
hustle,7
hydraulic,7
hypertension,7
hypocrisy,7
hypocrite,7
iceberg,7
icing,7
idiom,7
illicit,7
immaculate,7
impart,7
impeccable,7
impersonal,7
inaugural,7
incense,7
inception,7
incest,7
incite,7
incongruous,7
inconsistency,7
indebted,7
inexorable,7
infamous,7
infinity,7
infrared,7
infuriate,7
ingenious,7
ingest,7
inlet,7
innate,7
inseparable,7
inset,7
insolvent,7
instigate,7
instil,7
intermediary,7
intone,7
intoxicate,7
intravenous,7
invalid,7
inventive,7
inverse,7
invoice,7
jab,7
jade,7
jagged,7
jargon,7
jumble,7
jut,7
juxtapose,7
kindle,7
kitten,7
lagoon,7
lame,7
ledger,7
lest,7
leukaemia,7
libel,7
liken,7
livelihood,7
lofty,7
longitudinal,7
lousy,7
ludicrous,7
lull,7
lunar,7
luncheon,7
lunge,7
mafia,7
maggot,7
mainframe,7
majestic,7
majors,7
makeshift,7
malaria,7
malicious,7
mammoth,7
manifesto,7
manslaughter,7
manure,7
margarine,7
marijuana,7
mariner,7
marrow,7
mast,7
maternity,7
maxim,7
meagre,7
meander,7
mechanise,7
mediocre,7
mellow,7
melon,7
menopause,7
menstruate,7
messiah,7
metabolic,7
methane,7
microbe,7
microprocessor,7
midwife,7
millimetre,7
misconception,7
misconduct,7
misfortune,7
misguided,7
misplace,7
misrepresent,7
modulate,7
mogul,7
molest,7
morphology,7
motel,7
motto,7
muck,7
muddle,7
mugged,7
multi,7
multilateral,7
mural,7
murky,7
mutant,7
mutilate,7
muzzle,7
narcotic,7
nasal,7
needy,7
negate,7
negligible,7
negro,7
neon,7
nestle,7
neural,7
neurology,7
nibble,7
nip,7
nipple,7
nomad,7
normative,7
nostalgic,7
notification,7
noun,7
nuance,7
null,7
oasis,7
oats,7
obituary,7
obliterate,7
oblivious,7
obsolete,7
ooze,7
opaque,7
optimum,7
orchestrate,7
orchid,7
ordain,7
orgasm,7
ornate,7
orthodoxy,7
outburst,7
outnumber,7
outpatient,7
outspoken,7
outstretched,7
overdose,7
overdue,7
overhang,7
overlay,7
overload,7
overpower,7
overrun,7
overshadow,7
oversight,7
pageant,7
painstaking,7
pane,7
panorama,7
panther,7
paramilitary,7
paranoid,7
parishioner,7
parity,7
parole,7
password,7
paternal,7
peat,7
peck,7
pee,7
peek,7
peep,7
pellet,7
pelvis,7
penal,7
penalise,7
perceptible,7
perceptual,7
permeate,7
perplex,7
persevere,7
persona,7
personalise,7
pertinent,7
pervert,7
pessimistic,7
pew,7
phantom,7
phenomenal,7
phony,7
phosphate,7
photocopy,7
photon,7
physiology,7
pictorial,7
picturesque,7
pineapple,7
pious,7
piston,7
pitfall,7
pixel,7
placebo,7
platelet,7
platinum,7
platoon,7
playwright,7
plaza,7
ploy,7
plummet,7
plutonium,7
pod,7
pollen,7
polytechnic,7
pomp,7
populist,7
pore,7
porter,7
postulate,7
potassium,7
potency,7
pouch,7
prairie,7
precinct,7
precursor,7
predicament,7
predicate,7
predispose,7
predominate,7
preface,7
prehistoric,7
prelude,7
prerogative,7
prick,7
prickle,7
primacy,7
primate,7
primer,7
pristine,7
profess,7
proficient,7
profuse,7
prolific,7
pronouncement,7
propensity,7
prophecy,7
propriety,7
prostate,7
proton,7
protracted,7
protrude,7
proverb,7
proxy,7
pry,7
psalm,7
psyche,7
psychoanalyse,7
psychotic,7
puddle,7
pulp,7
pulpit,7
puncture,7
punitive,7
puritan,7
quaint,7
quake,7
que,7
queer,7
quirk,7
rabbi,7
radiator,7
rampant,7
ransom,7
rasp,7
raspberry,7
ravage,7
raven,7
rebate,7
recapture,7
recoil,7
recourse,7
rectify,7
redesign,7
redress,7
refute,7
regal,7
regimen,7
rejoice,7
relapse,7
relent,7
remit,7
remorse,7
renal,7
repatriate,7
repent,7
repercussion,7
repetitive,7
replica,7
repository,7
reproach,7
reptile,7
repudiate,7
repute,7
reshape,7
resin,7
resolute,7
respite,7
resurgence,7
retina,7
retract,7
reverberate,7
revoke,7
rift,7
righteous,7
rivet,7
rodent,7
roe,7
roost,7
rotor,7
rouble,7
rout,7
rudiment,7
rueful,7
ruffle,7
rum,7
rupture,7
rustic,7
sabotage,7
saline,7
saliva,7
sandal,7
sap,7
sarcastic,7
saucer,7
saviour,7
savoury,7
sawn,7
saxophone,7
scaffold,7
scandinavia,7
schema,7
scold,7
scorch,7
scour,7
scrupulous,7
scum,7
scurry,7
sear,7
seclude,7
sect,7
sectarian,7
sedate,7
seductive,7
seismic,7
sequel,7
shabby,7
shack,7
shampoo,7
shingle,7
shortfall,7
shrill,7
shun,7
simplistic,7
skid,7
skipper,7
slant,7
slime,7
sluggish,7
smother,7
smug,7
snail,7
snapshot,7
sneer,7
snob,7
snore,7
snug,7
socioeconomic,7
solitude,7
soluble,7
soundly,7
spade,7
spaghetti,7
spinach,7
splendour,7
spook,7
sporadic,7
squeal,7
squirm,7
stables,7
stale,7
starch,7
stately,7
stationary,7
staunch,7
stealth,7
stigma,7
stint,7
stratify,7
strenuous,7
strew,7
stronghold,7
strut,7
stub,7
stunt,7
subconscious,7
sublime,7
substantiate,7
substrate,7
subtlety,7
subtract,7
subversive,7
subway,7
suffocate,7
supernatural,7
supersede,7
supremacy,7
surmount,7
surrogate,7
swan,7
swathe,7
swerve,7
swivel,7
syllabus,7
symposium,7
syringe,7
systemic,7
tacit,7
tact,7
taint,7
tantalise,7
taper,7
tapestry,7
tar,7
tatter,7
taut,7
taxonomy,7
teddy,7
tedious,7
teller,7
temperate,7
tempered,7
template,7
tempo,7
tendon,7
tenet,7
tenor,7
tentacle,7
terrestrial,7
thaw,7
theorise,7
thereof,7
thrift,7
throng,7
throttle,7
thud,7
thug,7
timid,7
tinge,7
tingle,7
tinker,7
tint,7
tit,7
titan,7
toad,7
toil,7
tonic,7
tornado,7
torrent,7
torso,7
tort,7
traitor,7
trajectory,7
tram,7
tramp,7
trample,7
transfuse,7
transgress,7
transnational,7
transparency,7
trawl,7
treason,7
trendy,7
trespass,7
trillion,7
trooper,7
trough,7
truce,7
trudge,7
tuft,7
tweed,7
twinkle,7
tyranny,7
uncanny,7
undercover,7
undercut,7
unix,7
unnerve,7
unto,7
unwitting,7
upbringing,7
upholster,7
upland,7
upstream,7
utilitarian,7
utmost,7
utopia,7
vampire,7
vanguard,7
vanilla,7
vantage,7
varnish,7
veer,7
vehement,7
venetian,7
vengeance,7
venom,7
vie,7
vindicate,7
vinyl,7
violet,7
viral,7
vodka,7
vogue,7
vowel,7
vulgar,7
wag,7
ware,7
warhead,7
watershed,7
watt,7
whack,7
whereabouts,7
whim,7
whoop,7
wistful,7
womb,7
wooded,7
workout,7
wrath,7
wreath,7
wriggle,7
wring,7
writ,7
wrought,7
yogurt,7
zinc,7
aback,8
abc,8
abhor,8
abstain,8
abstinence,8
accession,8
accomplice,8
acoustic,8
adhesive,8
adjunct,8
admissible,8
adobe,8
afloat,8
afore,8
aft,8
agrarian,8
algebra,8
alight,8
allure,8
allusion,8
aloft,8
aloof,8
amalgamate,8
amiable,8
amiss,8
amp,8
amplitude,8
amputate,8
analogue,8
ancestry,8
anew,8
animosity,8
annihilate,8
annuity,8
antagonism,8
antecedent,8
anterior,8
anthology,8
antic,8
antidote,8
antigen,8
aperture,8
apex,8
apiece,8
append,8
appreciable,8
apprehensive,8
appropriable,8
aptitude,8
archaic,8
arduous,8
aromatic,8
arsenal,8
assent,8
asteroid,8
astrology,8
astute,8
attenuate,8
attire,8
auburn,8
auspices,8
autistic,8
autocrat,8
automotive,8
autopsy,8
avenge,8
axle,8
babble,8
backfire,8
baggy,8
ballistic,8
banal,8
bandit,8
barber,8
barter,8
basal,8
basil,8
bask,8
baton,8
bazaar,8
beau,8
beaver,8
beech,8
beep,8
beet,8
beige,8
belated,8
beleaguer,8
belie,8
belligerent,8
bemuse,8
benefactor,8
beset,8
besiege,8
bicker,8
bigot,8
bikini,8
billow,8
binge,8
biochemical,8
biodiversity,8
biographer,8
biomass,8
birch,8
blacksmith,8
blaspheme,8
blindfold,8
blizzard,8
bloat,8
blockbuster,8
blurt,8
boar,8
bogey,8
bogus,8
bolshevik,8
bon,8
bonanza,8
bonnet,8
boon,8
bosom,8
brash,8
brawl,8
brigadier,8
broccoli,8
brothel,8
budge,8
buggy,8
bullshit,8
butler,8
buttock,8
buttress,8
byte,8
cabaret,8
cache,8
cactus,8
cafeteria,8
caffeine,8
camcorder,8
canine,8
cannibal,8
cant,8
captivate,8
carbonate,8
carcinogen,8
carnivore,8
cashier,8
casing,8
casket,8
catalyse,8
catapult,8
caucus,8
celestial,8
celibacy,8
cello,8
censure,8
centrifuge,8
chandelier,8
chariot,8
chassis,8
chaste,8
chateau,8
chauffeur,8
chloride,8
cholera,8
christen,8
chrome,8
chute,8
circa,8
circumvent,8
citadel,8
citrus,8
clam,8
clandestine,8
clarinet,8
cliche,8
clientele,8
clover,8
cobalt,8
cobra,8
codify,8
cognition,8
cola,8
coli,8
collage,8
collateral,8
collude,8
colossal,8
com,8
combo,8
commons,8
commotion,8
commune,8
composure,8
compulsive,8
concerted,8
concise,8
concomitant,8
condescend,8
condone,8
conducive,8
confection,8
congenital,8
conifer,8
conjecture,8
consecrate,8
consequential,8
consonant,8
constrict,8
consummate,8
corollary,8
coronation,8
corroborate,8
cortex,8
countenance,8
counteract,8
counterfeit,8
countess,8
courier,8
courteous,8
courtship,8
cremate,8
criminology,8
cringe,8
croak,8
crutch,8
cubicle,8
cubism,8
cuckoo,8
cull,8
cumbersome,8
curfew,8
custard,8
daisy,8
darn,8
deadlock,8
debilitate,8
debit,8
decadence,8
deceit,8
defame,8
deforest,8
defuse,8
dehydrate,8
delve,8
demoralise,8
depose,8
derby,8
derelict,8
determinate,8
detest,8
detour,8
devout,8
dew,8
dichotomy,8
din,8
disaffect,8
disarray,8
disband,8
discernible,8
discord,8
discursive,8
disengage,8
disgruntled,8
disinterested,8
dislodge,8
disobedient,8
disrespect,8
dissociate,8
distraught,8
divisive,8
doctorate,8
dogma,8
dogmatic,8
domesticate,8
domino,8
dormant,8
doughnut,8
drab,8
dreary,8
drench,8
dude,8
duel,8
duet,8
easel,8
eclectic,8
edgy,8
edible,8
eel,8
effluent,8
elapse,8
elate,8
elective,8
electrify,8
elliptical,8
elucidate,8
embankment,8
embryonic,8
empress,8
encapsulate,8
encase,8
endemic,8
enigmatic,8
entirety,8
entourage,8
enumerate,8
envisage,8
epithelial,8
epitomise,8
epoch,8
eschew,8
espionage,8
esquire,8
etiquette,8
eucharist,8
euphoria,8
evangelist,8
evasion,8
exalt,8
excrete,8
exhale,8
expatriate,8
extort,8
extrapolate,8
exude,8
fad,8
fairs,8
fallacy,8
fallible,8
fang,8
fasts,8
feign,8
felon,8
fervour,8
fetter,8
fetus,8
fiancee,8
fiasco,8
fidget,8
figurative,8
fillet,8
fir,8
fiver,8
flagging,8
flail,8
flamboyant,8
flannel,8
flask,8
fleck,8
fleece,8
flimsy,8
flounder,8
folklore,8
foray,8
forlorn,8
forte,8
fraught,8
freckle,8
freshman,8
friar,8
frill,8
frivolous,8
froth,8
gait,8
gale,8
gallant,8
gasoline,8
gazette,8
genealogy,8
genus,8
ghastly,8
gilt,8
gimmick,8
gingerly,8
glacial,8
glut,8
gnaw,8
gobble,8
goblin,8
goddam,8
goggle,8
gorilla,8
gouge,8
gourmet,8
grandeur,8
grandiose,8
granule,8
graphite,8
grime,8
gruelling,8
gruesome,8
gymnastics,8
halloween,8
hallucinate,8
halo,8
hamstring,8
hangar,8
hangover,8
haphazard,8
hazel,8
hazy,8
header,8
heather,8
helium,8
hereditary,8
heretic,8
hermit,8
hertz,8
heyday,8
histology,8
hoax,8
hobble,8
homoeopathy,8
hone,8
horrendous,8
horticulture,8
hospitable,8
hotline,8
huff,8
hurtle,8
husky,8
hydrate,8
hydrocarbon,8
hysteria,8
idiosyncratic,8
idyllic,8
impediment,8
impressionist,8
incarcerate,8
incessant,8
incontinent,8
incredulous,8
indent,8
inert,8
inertia,8
inescapable,8
inextricable,8
infest,8
inflect,8
ingenuity,8
innumerable,8
insidious,8
interdependent,8
interlock,8
interplay,8
intractable,8
introspect,8
intrusive,8
inundate,8
invasive,8
inversion,8
invertebrate,8
invigorate,8
iris,8
irrevocable,8
isotope,8
italic,8
iterate,8
itinerary,8
ivy,8
jacked,8
jaunt,8
jay,8
jig,8
jostle,8
jot,8
jubilee,8
judicious,8
juniper,8
kaiser,8
karate,8
kayak,8
kennel,8
kernel,8
khaki,8
kindergarten,8
kinetic,8
kiosk,8
knack,8
laborious,8
labyrinth,8
lacquer,8
laminate,8
lark,8
lass,8
lattice,8
laud,8
lavatory,8
lax,8
leaded,8
legitimise,8
lemonade,8
lenient,8
leopard,8
lexical,8
lexicon,8
libertarian,8
ligament,8
linguist,8
linoleum,8
lobe,8
loch,8
longevity,8
loophole,8
lorry,8
lotion,8
lucid,8
lug,8
lunatic,8
lustre,8
macho,8
macro,8
macroeconomic,8
magnesium,8
maize,8
malice,8
malpractice,8
malt,8
mandarin,8
mango,8
maniac,8
manic,8
manicure,8
mantelpiece,8
maroon,8
marquee,8
marquis,8
masonry,8
masquerade,8
masturbate,8
matron,8
maverick,8
mayonnaise,8
mead,8
medic,8
meek,8
megabyte,8
megawatt,8
memorabilia,8
mercenary,8
mesmerise,8
metamorphose,8
metro,8
metropolis,8
migraine,8
milieu,8
mime,8
mink,8
miscarry,8
misgiving,8
mistrust,8
mite,8
mockery,8
mod,8
moderation,8
molten,8
momentous,8
monastic,8
mongol,8
monograph,8
monolith,8
monologue,8
monotony,8
monoxide,8
moot,8
moratorium,8
multiparty,8
multiplicity,8
munch,8
mussel,8
mutiny,8
mystify,8
nah,8
naturalise,8
nave,8
nay,8
neurotic,8
neutrino,8
newt,8
nick,8
nickel,8
nicotine,8
nigger,8
nil,8
noodle,8
nope,8
nozzle,8
oblique,8
oblivion,8
observance,8
obstetrics,8
ole,8
onslaught,8
ontological,8
opium,8
orator,8
ordinance,8
ordination,8
otter,8
outcry,8
outdated,8
outlay,8
outpost,8
outreach,8
ovary,8
overboard,8
overcoat,8
overdo,8
overestimate,8
overgrow,8
overheat,8
overrule,8
overstate,8
overtone,8
overture,8
overwork,8
ox,8
pacifist,8
padre,8
paged,8
palaeontology,8
palatable,8
palate,8
palpable,8
pamper,8
pancreatic,8
pang,8
pantry,8
parable,8
paralysis,8
paranoia,8
paraphrase,8
parchment,8
parochial,8
pastime,8
pathogen,8
pathological,8
pawn,8
peddle,8
pedestal,8
pedigree,8
pelt,8
pendant,8
pendulum,8
penguin,8
pentagon,8
pep,8
peptide,8
perceptive,8
percussion,8
perforate,8
permanence,8
permeable,8
permissible,8
personify,8
perspire,8
pertain,8
perturb,8
pervade,8
pheasant,8
phoenix,8
phoneme,8
phonology,8
piety,8
ping,8
pinnacle,8
placid,8
platter,8
pleat,8
plunder,8
plush,8
ply,8
plywood,8
podium,8
poignant,8
polemic,8
pollinate,8
polyester,8
poppy,8
porous,8
posh,8
posit,8
posterior,8
postgraduate,8
pounce,8
pout,8
practicable,8
precondition,8
predetermine,8
pretension,8
pretentious,8
primal,8
privy,8
proactive,8
prognosis,8
projector,8
promenade,8
promulgate,8
pronoun,8
prophetic,8
prowess,8
prowl,8
proximal,8
psychoanalytic,8
psychotherapy,8
pulmonary,8
pumpkin,8
pun,8
pundit,8
pungent,8
punt,8
purr,8
puss,8
pylori,8
quadruple,8
quail,8
quarterback,8
quell,8
quid,8
quip,8
radial,8
radiology,8
rafter,8
raisin,8
ramification,8
rant,8
rapport,8
readership,8
realign,8
reassert,8
rebuke,8
recharge,8
recline,8
reconnaissance,8
reconstitute,8
rector,8
refract,8
registrar,8
relativity,8
relive,8
remission,8
remodel,8
rendezvous,8
replenish,8
reprimand,8
reputable,8
reset,8
resonate,8
resound,8
respectability,8
restate,8
reticence,8
retrain,8
retribution,8
revamp,8
revolver,8
rhino,8
rind,8
rink,8
romp,8
rookie,8
roster,8
rotary,8
roundabout,8
rudder,8
rummage,8
rut,8
sabbath,8
sabine,8
sadist,8
safari,8
sanitary,8
sanitation,8
sarcasm,8
satan,8
savannah,8
scallop,8
scapegoat,8
scavenge,8
scoff,8
scoot,8
screenplay,8
scribe,8
scruff,8
scuttle,8
secession,8
secretariat,8
seethe,8
seminal,8
serpent,8
shale,8
shallot,8
sham,8
shaman,8
shamble,8
shawl,8
sheikh,8
shilling,8
shin,8
shoal,8
shorthand,8
showbiz,8
showdown,8
shunt,8
sigma,8
sill,8
silt,8
sinus,8
sizzle,8
skeletal,8
skew,8
skirmish,8
skirted,8
slang,8
slither,8
sliver,8
sludge,8
slur,8
smirk,8
smoulder,8
smudge,8
snare,8
sneeze,8
snip,8
snuff,8
soiled,8
soles,8
sonnet,8
soot,8
soprano,8
sorcerer,8
soy,8
spar,8
spasm,8
spate,8
speck,8
spectra,8
spire,8
spore,8
spout,8
spree,8
sprig,8
spruce,8
spurt,8
squabble,8
squander,8
squid,8
squire,8
squirt,8
stagnant,8
stagnate,8
stallion,8
stamina,8
stammer,8
starling,8
stationer,8
stave,8
steamer,8
stench,8
stockbroker,8
stockpile,8
stocky,8
stoic,8
stomp,8
storey,8
stow,8
straddle,8
straggle,8
strata,8
stretcher,8
stricken,8
strife,8
stutter,8
subcontract,8
subtitle,8
succinct,8
sucker,8
suffrage,8
sulk,8
sullen,8
sumptuous,8
superimpose,8
superstition,8
supplant,8
supple,8
surname,8
suspense,8
sweatshirt,8
swine,8
swish,8
synagogue,8
syntactic,8
syntax,8
tableau,8
tamper,8
tandem,8
tang,8
tantrum,8
tarmac,8
tarnish,8
telegram,8
tenuous,8
termite,8
tether,8
thatch,8
theorem,8
therein,8
thermometer,8
thicket,8
thrall,8
threesome,8
thyme,8
thyroid,8
topography,8
torpedo,8
tortoise,8
totalitarian,8
traction,8
trance,8
trans,8
transistor,8
translucent,8
transpire,8
treatise,8
treble,8
tremor,8
trifle,8
troll,8
troupe,8
trustworthy,8
tummy,8
tumult,8
tundra,8
tunic,8
turquoise,8
turret,8
tweak,8
twirl,8
typify,8
tyrant,8
tyre,8
ultra,8
ultrasound,8
underscore,8
undulate,8
unearth,8
unitary,8
unruly,8
upcoming,8
uproar,8
uproot,8
upturn,8
urn,8
usurp,8
vacate,8
vale,8
vascular,8
vaulting,8
veneer,8
venerable,8
veranda,8
vernacular,8
vertebrate,8
vex,8
vial,8
vibe,8
vicar,8
victor,8
vile,8
viscous,8
vista,8
volley,8
vulture,8
wad,8
waft,8
waltz,8
wean,8
wharf,8
wheeze,8
whiff,8
whimper,8
whisker,8
whitewash,8
whiz,8
wholesome,8
wicker,8
wiggle,8
wilt,8
winger,8
wisp,8
wont,8
wrangle,8
wreak,8
writhe,8
yankee,8
yoga,8
yolk,8
yuan,8
zest,8
zion,8
zoology,8
abbot,9
abdicate,9
aberration,9
abrasive,9
abyss,9
academia,9
accede,9
accolade,9
accretion,9
acne,9
acrimony,9
acrobat,9
acronym,9
acupuncture,9
adrenaline,9
adrift,9
aerodynamic,9
aerosol,9
afar,9
affable,9
affix,9
affluence,9
affront,9
afield,9
aggressor,9
aggrieved,9
alchemy,9
alcove,9
alibi,9
alkaline,9
allay,9
alligator,9
altruism,9
amble,9
ameliorate,9
amenable,9
amicable,9
amorphous,9
amphitheatre,9
ancillary,9
annals,9
annotate,9
annul,9
anoint,9
antelope,9
antler,9
apparel,9
apparition,9
appellate,9
aquifer,9
arable,9
arbiter,9
aria,9
armament,9
armpit,9
arrears,9
arsenic,9
artful,9
artichoke,9
asparagus,9
asphalt,9
atone,9
atrium,9
attrition,9
attune,9
atypical,9
avocado,9
awash,9
awhile,9
axiom,9
backlog,9
bailiff,9
bandwagon,9
banister,9
banter,9
barbaric,9
bard,9
barometer,9
barrister,9
basilica,9
bastion,9
bedrock,9
befall,9
befriend,9
belch,9
bequeath,9
bequest,9
beret,9
bisexual,9
blare,9
blemish,9
blob,9
bluster,9
boo,9
booty,9
borderline,9
bough,9
boulevard,9
bourbon,9
brag,9
braille,9
bran,9
brandish,9
brat,9
bravo,9
brazen,9
breech,9
brethren,9
brine,9
broach,9
brooch,9
brunt,9
bulldog,9
bumpy,9
burly,9
burr,9
cackle,9
cadmium,9
calamity,9
calculus,9
callous,9
canister,9
cannabis,9
canonical,9
caper,9
capillary,9
capitulate,9
captor,9
caramel,9
cardigan,9
carnage,9
cartilage,9
casa,9
castrate,9
catechism,9
catheter,9
catwalk,9
caustic,9
caveat,9
cede,9
centenary,9
cessation,9
chasm,9
cheeky,9
chide,9
chirp,9
chivalry,9
chum,9
circumcize,9
circumference,9
circumscribe,9
clang,9
claustrophobia,9
cleft,9
clink,9
cloister,9
coalesce,9
cockroach,9
cocoon,9
coffer,9
cohabit,9
colitis,9
collagen,9
collegiate,9
comma,9
commodore,9
complicity,9
concuss,9
condole,9
conduit,9
congenial,9
congruent,9
connoisseur,9
consensual,9
conservancy,9
considerate,9
consternation,9
constipate,9
contagious,9
contaminant,9
contiguous,9
contort,9
contravene,9
convection,9
convoluted,9
coo,9
coop,9
copious,9
cordial,9
cordon,9
corrugate,9
cossack,9
counterbalance,9
coupe,9
cower,9
coy,9
coyote,9
cranberry,9
crayon,9
credence,9
crevice,9
crib,9
crinkle,9
crony,9
croon,9
crossword,9
crucify,9
crux,9
crypt,9
cryptic,9
crystalline,9
culpable,9
cursor,9
cursory,9
custodian,9
cylindrical,9
cystic,9
dabble,9
daffodil,9
daft,9
dainty,9
dal,9
dashboard,9
debacle,9
decimal,9
decimate,9
decoy,9
deluge,9
demarcate,9
demean,9
demote,9
denigrate,9
denominator,9
derail,9
dermatology,9
despondent,9
despot,9
destitute,9
deutschmark,9
devious,9
diaphragm,9
digitise,9
dignitary,9
dilapidated,9
dilate,9
diminutive,9
dimple,9
dinghy,9
directorate,9
dis,9
disbelieve,9
disclaim,9
discolour,9
discontinuity,9
disenchant,9
disfigure,9
dismember,9
dismount,9
disorganized,9
disparage,9
dispossess,9
disprove,9
disquiet,9
dissonance,9
dissuade,9
disuse,9
divest,9
divulge,9
doctoral,9
doo,9
dorsal,9
douse,9
draught,9
drowsy,9
dun,9
dung,9
dupe,9
dynamite,9
dyslexia,9
eave,9
eavesdrop,9
ebony,9
eddy,9
edifice,9
elemental,9
embalm,9
ember,9
embroil,9
emigrant,9
emir,9
encamp,9
encore,9
engross,9
enigma,9
enliven,9
enslave,9
enterprising,9
enthuse,9
entropy,9
enunciate,9
envious,9
envision,9
ephemeral,9
equivalence,9
esoteric,9
euphemism,9
euthanasia,9
evasive,9
evocative,9
ewe,9
excruciating,9
exorcise,9
exponent,9
exponential,9
expound,9
expressionist,9
extant,9
exterminate,9
extol,9
extrovert,9
exult,9
eyelash,9
facsimile,9
fag,9
fart,9
fateful,9
fawn,9
fearsome,9
ferocity,9
fester,9
fetish,9
fibrosis,9
fictitious,9
fiduciary,9
fiend,9
filament,9
finesse,9
fissure,9
fizz,9
flak,9
flashlight,9
flashy,9
flaunt,9
flint,9
flit,9
flog,9
florist,9
fluke,9
foal,9
fodder,9
foreclose,9
forefinger,9
foresight,9
forestall,9
forsake,9
forthright,9
freeway,9
frigid,9
frock,9
fudge,9
furtive,9
fuselage,9
galactic,9
garland,9
garner,9
gash,9
gaudy,9
gaunt,9
genial,9
gentile,9
geophysics,9
geranium,9
geriatric,9
germinate,9
gestate,9
giddy,9
git,9
globule,9
glower,9
glum,9
goblet,9
grail,9
granulate,9
grapefruit,9
gratuitous,9
greenery,9
grievous,9
grille,9
gripe,9
grouse,9
grub,9
gruff,9
gurgle,9
haggle,9
hapless,9
hardline,9
harem,9
hark,9
harrow,9
hash,9
hawking,9
headhunt,9
headlong,9
headway,9
helix,9
henceforth,9
herbicide,9
herein,9
heresy,9
hiccup,9
highness,9
histamine,9
hoe,9
holler,9
holster,9
homely,9
homestead,9
homology,9
homophobia,9
hooligan,9
hooray,9
hopper,9
horrid,9
hulk,9
hunk,9
hyperactive,9
hypnosis,9
hypnotic,9
hypnotise,9
iconography,9
idealistic,9
illusory,9
illustrious,9
imam,9
imbue,9
immobilize,9
impasse,9
impassive,9
impel,9
impenetrable,9
impersonate,9
impinge,9
implore,9
impotence,9
impromptu,9
incapacitate,9
incriminate,9
incursion,9
indemnity,9
indie,9
indoctrinate,9
ineffectual,9
inept,9
infarct,9
infatuate,9
infirm,9
infirmary,9
ingrain,9
inlay,9
innocuous,9
innuendo,9
inoculate,9
inordinate,9
inquest,9
inquisitive,9
insecticide,9
insignia,9
insinuate,9
insomnia,9
insurrection,9
intelligentsia,9
interject,9
interlude,9
interminable,9
intersperse,9
interweave,9
intifada,9
intricacy,9
irradiate,9
jarring,9
jasmine,9
jeer,9
jest,9
jigsaw,9
jihad,9
jingle,9
jitter,9
jumbo,9
juncture,9
junkie,9
junta,9
kangaroo,9
keel,9
kiln,9
kilo,9
kilowatt,9
kink,9
kiwi,9
knead,9
lager,9
laity,9
landlady,9
languid,9
languish,9
lapel,9
lapped,9
laurel,9
leach,9
leek,9
leer,9
legible,9
lethargy,9
lichen,9
lifeline,9
lilac,9
limbo,9
limelight,9
ling,9
lipid,9
litany,9
lithograph,9
livery,9
lob,9
locale,9
loo,9
lore,9
louse,9
lubricate,9
lukewarm,9
lurid,9
lymph,9
lymphocyte,9
lymphoma,9
magnate,9
magnolia,9
maim,9
mainstay,9
malevolent,9
malfunction,9
malnutrition,9
mane,9
mangle,9
mania,9
marina,9
martini,9
mascara,9
masons,9
matrimony,9
maximal,9
mayhem,9
meaner,9
medallion,9
meddle,9
medley,9
melodrama,9
memento,9
meningitis,9
mermaid,9
meteorological,9
microbiology,9
microcomputer,9
microorganism,9
millet,9
mire,9
miscellaneous,9
mishap,9
mitochondria,9
moat,9
moderated,9
moi,9
molar,9
monde,9
monochrome,9
monogamy,9
monsieur,9
moose,9
mormon,9
morphine,9
mottle,9
mournful,9
mousse,9
muffin,9
mulch,9
mull,9
multidisciplinary,9
multivariate,9
munition,9
mush,9
musket,9
mystique,9
nape,9
napkin,9
nebula,9
nectar,9
nettle,9
nimble,9
nocturnal,9
nonchalant,9
nook,9
nordic,9
notoriety,9
noxious,9
nugget,9
nutmeg,9
nutritious,9
nutty,9
oar,9
obnoxious,9
obstinate,9
obtrusive,9
occult,9
octave,9
octopus,9
odyssey,9
ombudsman,9
omelette,9
omen,9
onerous,9
opulent,9
ordnance,9
orgy,9
orthopaedic,9
ostentatious,9
osteoporosis,9
outcast,9
outgrow,9
outlying,9
outstrip,9
ovation,9
overalls,9
overdraft,9
oxidant,9
pallet,9
panda,9
paramedic,9
parch,9
pare,9
parse,9
partake,9
patchy,9
peacock,9
penchant,9
penicillin,9
peregrine,9
perestroika,9
perjury,9
perm,9
permissive,9
pernicious,9
perpendicular,9
peruse,9
peso,9
pessimism,9
petite,9
petrify,9
pharaoh,9
phenomenology,9
philharmonic,9
phobia,9
phonetic,9
phosphorus,9
photosynthesis,9
physique,9
piecemeal,9
pimp,9
piper,9
piracy,9
placate,9
plaid,9
playoff,9
plethora,9
plod,9
polio,9
polity,9
pollster,9
poly,9
polyp,9
poplar,9
populace,9
por,9
porridge,9
posse,9
posthumous,9
postoperative,9
pragmatism,9
prawn,9
precept,9
preponderance,9
preposterous,9
pretext,9
prim,9
primordial,9
prism,9
prodigious,9
prodigy,9
profane,9
proffer,9
proletariat,9
prologue,9
prom,9
propulsion,9
prospecting,9
prospectus,9
provenance,9
proviso,9
psychosis,9
psychosocial,9
puberty,9
pulsar,9
pulsate,9
punter,9
pursed,9
pursuant,9
purvey,9
putative,9
quack,9
quad,9
qualm,9
quarantine,9
quartz,9
quash,9
quay,9
qui,9
quintessential,9
raffle,9
rampage,9
rapture,9
raucous,9
ravine,9
rebuff,9
rebut,9
reciprocate,9
reciprocity,9
recluse,9
recoup,9
rectal,9
recuperate,9
reek,9
reflector,9
reflux,9
refuel,9
reggae,9
reindeer,9
reissue,9
rejuvenate,9
remand,9
remunerate,9
rendition,9
renegade,9
reparation,9
repertory,9
repose,9
reprieve,9
reprisal,9
repulse,9
rescind,9
resection,9
reshuffle,9
resonant,9
restitution,9
resuscitate,9
retrace,9
reverie,9
revs,9
revulsion,9
rife,9
riff,9
roach,9
romanticism,9
rowdy,9
ruby,9
ruddy,9
rue,9
rump,9
rye,9
sac,9
samaritan,9
sanctity,9
sapphire,9
sardine,9
sardonic,9
sash,9
sauna,9
saunter,9
scald,9
scam,9
scamper,9
scathing,9
scholastic,9
sciencefiction,9
sclerosis,9
scorpion,9
scourge,9
scrabble,9
scrawl,9
scuffle,9
seconded,9
secondhand,9
sedentary,9
semblance,9
semi,9
sensuous,9
sentry,9
sequester,9
serf,9
sesame,9
settee,9
shackle,9
shaggy,9
shank,9
shard,9
sheath,9
sheen,9
sheepish,9
shiite,9
shoplift,9
shrapnel,9
sickle,9
sieve,9
signatory,9
sire,9
sitcom,9
sizeable,9
skewer,9
skimp,9
skinhead,9
slacks,9
slalom,9
slander,9
slat,9
slew,9
slink,9
slog,9
slouch,9
slumber,9
smallpox,9
smelted,9
smog,9
snub,9
snuggle,9
sociable,9
soggy,9
solace,9
solder,9
sonar,9
sonic,9
sordid,9
sortie,9
spank,9
sparrow,9
spatter,9
speckle,9
speedway,9
spew,9
splatter,9
splice,9
spontaneity,9
sprain,9
spurious,9
spurn,9
squawk,9
stag,9
stairwell,9
stalemate,9
stalwart,9
stanza,9
starboard,9
stash,9
steadfast,9
steeped,9
stellar,9
stimulant,9
stoke,9
stricture,9
strident,9
stubble,9
stucco,9
stuffy,9
stunted,9
subjugate,9
subpoena,9
subservient,9
subsume,9
subterranean,9
suede,9
suitor,9
sultan,9
sunflower,9
superconducting,9
superfluous,9
supernova,9
superstitious,9
sur,9
surcharge,9
surmise,9
surreptitious,9
swagger,9
swat,9
swipe,9
synchronize,9
synod,9
syphilis,9
tactile,9
tangent,9
tearful,9
tectonic,9
teem,9
teeter,9
tenable,9
tenacious,9
tendered,9
tenement,9
tern,9
terrier,9
terse,9
tertiary,9
testicle,9
testimonial,9
thermostat,9
thistle,9
tiller,9
tiresome,9
titanium,9
tortilla,9
tot,9
tote,9
totem,9
transatlantic,9
transfix,9
transpose,9
trappings,9
triad,9
trilogy,9
tripod,9
truant,9
truss,9
tsunami,9
tubular,9
tulip,9
turbo,9
turnip,9
twain,9
twitter,9
tycoon,9
ultimatum,9
underclass,9
undergrowth,9
undertaker,9
undervalue,9
underworld,9
une,9
unscathed,9
unwind,9
upbeat,9
uptake,9
urchin,9
utensil,9
uterus,9
valentine,9
valiant,9
veal,9
veritable,9
vertebra,9
vestige,9
vetting,9
virtuoso,9
virulent,9
visceral,9
volleyball,9
waffle,9
wager,9
wallow,9
wand,9
warren,9
wart,9
wavy,9
wayward,9
weaponry,9
weighty,9
whence,9
wherein,9
whereupon,9
whimsy,9
whir,9
whirlwind,9
whittle,9
whoa,9
wholehearted,9
wicket,9
wile,9
wimp,9
winch,9
wishful,9
yelp,9
yoke,9
yon,9
yum,9
yuppy,9
zebra,9
zombie,9
abet,10
abject,10
ablaze,10
abode,10
abreast,10
absolve,10
abstention,10
accordion,10
actuary,10
adage,10
admiralty,10
adverb,10
aegis,10
aerate,10
aeronautics,10
afoot,10
aghast,10
agnostic,10
airlock,10
airwave,10
ajar,10
alder,10
alderman,10
alias,10
altruistic,10
amalgam,10
ambulate,10
amnesia,10
amphetamine,10
anaerobic,10
anathema,10
android,10
anemone,10
angst,10
antagonise,10
antipathy,10
antiquarian,10
antiquated,10
antiseptic,10
aphid,10
apportion,10
arbitrage,10
arcane,10
archipelago,10
armoury,10
aromatherapy,10
artifice,10
ascetic,10
assiduous,10
assuage,10
astray,10
astride,10
astrophysics,10
atrophy,10
audacious,10
audacity,10
audiovisual,10
aural,10
auspicious,10
autoimmune,10
avow,10
awning,10
awry,10
axial,10
ayatollah,10
baboon,10
backwater,10
badminton,10
balk,10
ballast,10
ballerina,10
balm,10
barbarism,10
baritone,10
barrio,10
barrow,10
basalt,10
batten,10
bawl,10
bayonet,10
befit,10
beget,10
beguile,10
behead,10
belittle,10
bemoan,10
bereft,10
bewitch,10
bicep,10
biennial,10
billionaire,10
biochemistry,10
biomedical,10
bison,10
bistro,10
blanch,10
bleep,10
blip,10
blithe,10
blotch,10
bode,10
bodice,10
boisterous,10
bombshell,10
bondage,10
boogie,10
botch,10
bovine,10
brainstorm,10
bramble,10
bravado,10
broadside,10
bronco,10
brusque,10
buffeted,10
bulimia,10
bulkhead,10
bungle,10
burnish,10
buzzard,10
bygone,10
cacophony,10
cadence,10
cajole,10
camaraderie,10
cameo,10
canary,10
canny,10
capacitor,10
capricious,10
carnation,10
cartography,10
cashmere,10
cask,10
caster,10
cataclysm,10
cataract,10
catchment,10
cauldron,10
cauliflower,10
caviar,10
cellulose,10
chafe,10
chagrin,10
chalet,10
chameleon,10
charade,10
chardonnay,10
chastise,10
cheetah,10
chieftain,10
chives,10
chromium,10
chubby,10
chug,10
cinder,10
circumspect,10
cistern,10
clank,10
clique,10
coaster,10
cobweb,10
cog,10
cogent,10
cognac,10
colorectal,10
colosseum,10
comfy,10
commensurate,10
commonality,10
communique,10
compatriot,10
comptroller,10
conceit,10
concentric,10
concord,10
concourse,10
condominium,10
conflate,10
confluence,10
conical,10
connotation,10
consort,10
contra,10
contraption,10
contrite,10
conundrum,10
convalesce,10
convex,10
copulate,10
corduroy,10
coriander,10
corset,10
counterpoint,10
coursed,10
courtier,10
cowardice,10
crafty,10
crass,10
crescendo,10
crickets,10
crotch,10
crucible,10
cum,10
curd,10
currant,10
cutlery,10
cyclone,10
cypress,10
cyst,10
dandelion,10
dank,10
dans,10
dapple,10
dearth,10
debase,10
decapitate,10
decelerate,10
decibel,10
decked,10
decry,10
defraud,10
defunct,10
deity,10
dejected,10
deleterious,10
delicatessan,10
delirious,10
deliverance,10
deluxe,10
demented,10
demob,10
demonstrable,10
demure,10
denunciation,10
deprave,10
derange,10
descriptor,10
desecrate,10
despicable,10
detritus,10
dialysis,10
diaper,10
diaspora,10
dictum,10
didactic,10
digress,10
dill,10
dime,10
ding,10
dingy,10
dioxin,10
disallow,10
disavow,10
disburse,10
disembark,10
disembodied,10
disenfranchise,10
dishevelled,10
dishonour,10
disincentive,10
disloyal,10
disobey,10
dispassionate,10
dispiriting,10
displease,10
docile,10
doe,10
dote,10
doth,10
dour,10
dowry,10
draconian,10
dragonfly,10
drool,10
drudge,10
druid,10
dumpling,10
dungeon,10
duodenum,10
duplex,10
duress,10
dyke,10
dynamism,10
dynamo,10
earshot,10
echelon,10
edict,10
effigy,10
ejaculate,10
electrolyte,10
elk,10
embattled,10
embezzle,10
emblazon,10
emboss,10
emeritus,10
eminence,10
emissary,10
emotive,10
emu,10
encrypt,10
encumber,10
enmity,10
enormity,10
entomology,10
entranced,10
entwine,10
epilepsy,10
epithet,10
epitome,10
epsilon,10
equestrian,10
ergonomics,10
escalator,10
ether,10
ethereal,10
evacuee,10
exchequer,10
excommunicate,10
executor,10
exonerate,10
exorbitant,10
expedite,10
explicate,10
expo,10
expropriate,10
extravaganza,10
extricate,10
extrinsic,10
fahrenheit,10
fanfare,10
fastidious,10
feline,10
fen,10
fennel,10
feral,10
festoon,10
fete,10
fiat,10
fickle,10
figurine,10
filly,10
firth,10
fitful,10
flagrant,10
flammable,10
flotation,10
flout,10
flue,10
fluoride,10
fluster,10
fondle,10
forebear,10
foreboding,10
foreshadow,10
fortuitous,10
foundered,10
foundry,10
fowl,10
fraternal,10
frenetic,10
frieze,10
frigate,10
frolic,10
frond,10
frugal,10
fruition,10
gamut,10
gaol,10
garb,10
garish,10
gauntlet,10
gauze,10
genera,10
genteel,10
geothermal,10
gills,10
giraffe,10
gist,10
glen,10
glitz,10
gloat,10
gnarled,10
goad,10
goo,10
goof,10
grandstand,10
gregarious,10
grisly,10
grizzly,10
grotto,10
grubby,10
grumpy,10
guarantor,10
gubernatorial,10
guillotine,10
gullible,10
habitation,10
habituate,10
haemoglobin,10
hallow,10
hammock,10
hamster,10
handset,10
hardcore,10
haughty,10
havens,10
headland,10
hearsay,10
heathen,10
heckle,10
hedgehog,10
hedonist,10
heirloom,10
hemp,10
hepatic,10
hereafter,10
hereby,10
hermeneutic,10
hernia,10
herpes,10
heterogeneous,10
hexagon,10
hiatus,10
hibernate,10
hilt,10
hinterland,10
homogeneity,10
honk,10
hornet,10
husk,10
hydroelectric,10
hyperbole,10
immaterial,10
immunology,10
imp,10
impassioned,10
impedance,10
imperious,10
impervious,10
implacable,10
impregnate,10
impunity,10
impute,10
incandescent,10
incipient,10
inculcate,10
indecision,10
indelible,10
indignity,10
indigo,10
indisputable,10
industrious,10
inferno,10
infinitive,10
inkling,10
inquisition,10
insatiable,10
inscrutable,10
inshore,10
insolent,10
insular,10
integer,10
inter,10
intercede,10
intercom,10
interlocutor,10
interstellar,10
intransigent,10
intrepid,10
introvert,10
invincible,10
iodine,10
irate,10
irreverent,10
itinerant,10
jackpot,10
jaded,10
jangle,10
jaundice,10
jettison,10
jetty,10
joiner,10
joist,10
jovial,10
jubilant,10
jurist,10
jus,10
kaleidoscope,10
keg,10
ketchup,10
kinsman,10
kip,10
knickers,10
koran,10
kosher,10
ladle,10
lair,10
lanky,10
latex,10
laureate,10
leaner,10
lentil,10
leper,10
libido,10
lien,10
lilt,10
liqueur,10
listless,10
lite,10
lithe,10
litigant,10
loafed,10
locust,10
loin,10
loiter,10
loll,10
longitude,10
loony,10
lope,10
lubricant,10
luscious,10
lynch,10
macabre,10
mach,10
mackerel,10
maestro,10
magma,10
magnum,10
malaise,10
malleable,10
mandible,10
manifold,10
mannerism,10
manoeuvre,10
mantra,10
maraud,10
marinade,10
marinate,10
marksman,10
marmalade,10
mart,10
marten,10
mascot,10
maul,10
mausoleum,10
mauve,10
measles,10
melanoma,10
melodramatic,10
mercantile,10
meridian,10
metastasis,10
meteorology,10
methyl,10
microcosm,10
microfilm,10
micron,10
millisecond,10
minnow,10
minuscule,10
mirage,10
mirth,10
mitt,10
modal,10
modality,10
mollusc,10
monsoon,10
montage,10
mores,10
morgue,10
moron,10
morose,10
morsel,10
mortify,10
mortuary,10
motley,10
mummies,10
musk,10
musty,10
myocardial,10
myopia,10
nacional,10
namesake,10
nappy,10
nascent,10
nativity,10
nautical,10
navel,10
necrosis,10
negotiable,10
neurosis,10
neurotransmitter,10
nexus,10
nodule,10
noose,10
nosy,10
nucleotide,10
nymph,10
objectify,10
ochre,10
octagon,10
ode,10
oedema,10
oesophagus,10
officiate,10
ointment,10
omega,10
onus,10
opioid,10
orb,10
ornithology,10
ostracise,10
ostrich,10
outcrop,10
outdo,10
outlandish,10
outlive,10
outmoded,10
outperform,10
outpouring,10
overburden,10
overcast,10
overdrive,10
oversimplify,10
oversized,10
oxidation,10
oxidise,10
pacify,10
paddock,10
paddy,10
padlock,10
paediatric,10
pail,10
palazzo,10
palsy,10
paltry,10
panacea,10
pancreas,10
pander,10
panned,10
pantomime,10
panty,10
pap,10
papacy,10
parapet,10
paraphernalia,10
paratrooper,10
parenthesis,10
parmesan,10
parson,10
particulate,10
partridge,10
passover,10
pate,10
patrician,10
patter,10
paucity,10
pauper,10
peeve,10
pelican,10
penance,10
penitence,10
pennant,10
penthouse,10
percolate,10
perfusion,10
peroxide,10
pester,10
petrochemical,10
petulant,10
phallus,10
pharmacology,10
philanthropy,10
physiotherapist,10
pillage,10
pique,10
pith,10
placard,10
placenta,10
plagiarise,10
plaintive,10
plait,10
plankton,10
plop,10
plumb,10
polaroid,10
polymerase,10
ponderous,10
poodle,10
populous,10
porcelain,10
poring,10
portent,10
posterity,10
pothole,10
potion,10
potty,10
pow,10
pragmatist,10
prance,10
prank,10
preamble,10
precipitous,10
precocious,10
preconception,10
predate,10
prenatal,10
prescriptive,10
primeval,10
priory,10
prix,10
probate,10
procrastinate,10
procreate,10
progeny,10
proletarian,10
promiscuous,10
prophesy,10
prosaic,10
proscribe,10
prosthesis,10
prostrate,10
providence,10
provost,10
prudential,10
pseudonym,10
psychedelic,10
psychopath,10
pubic,10
publicist,10
pucker,10
pueblo,10
pulley,10
pummel,10
punctual,10
puny,10
puree,10
quadrant,10
quark,10
quart,10
quasar,10
queasy,10
quench,10
quibble,10
quizzical,10
radiotherapy,10
radon,10
rampart,10
ramshackle,10
ransack,10
rapt,10
reassemble,10
recalcitrant,10
recap,10
recast,10
recrimination,10
rectory,10
refinance,10
regent,10
reincarnating,10
renege,10
replete,10
repugnant,10
repulsive,10
requiem,10
res,10
respiration,10
rewind,10
rheumatoid,10
rhododendron,10
rhubarb,10
rickety,10
romanesque,10
rosary,10
rosette,10
rottweiler,10
rubric,10
rucksack,10
ruff,10
rumple,10
rupee,10
saffron,10
salami,10
salmonella,10
sampler,10
sanctify,10
sanguine,10
sans,10
sapling,10
savvy,10
scab,10
scalpel,10
schism,10
scone,10
scuba,10
scud,10
scuff,10
sedan,10
seedy,10
semen,10
semester,10
semiotic,10
senile,10
sensitize,10
sentinel,10
septic,10
sera,10
serotonin,10
shag,10
shah,10
shanty,10
sheaf,10
sheathe,10
shied,10
shoddy,10
shortcut,10
sideboard,10
sidle,10
silica,10
sine,10
sinew,10
siphon,10
sis,10
sketchy,10
slag,10
sleaze,10
sledge,10
sleet,10
slurry,10
slut,10
smarted,10
smite,10
snippet,10
snoop,10
snout,10
sodden,10
sojourn,10
somersault,10
sonata,10
spam,10
spectroscopy,10
spindle,10
spinster,10
splay,10
spleen,10
spokes,10
spool,10
sported,10
springer,10
squalor,10
stead,10
stencil,10
stent,10
stigmatise,10
stipend,10
stratosphere,10
streamer,10
submissive,10
succulent,10
suckle,10
suction,10
sufficiency,10
suffuse,10
sultry,10
sundry,10
supercomputer,10
supposition,10
supra,10
sustenance,10
swab,10
swastika,10
swig,10
swindle,10
swoon,10
sycamore,10
synapse,10
synergy,10
tabulate,10
tacky,10
tad,10
tadpole,10
talon,10
tango,10
tantamount,10
tartan,10
tawny,10
teak,10
technicality,10
technocrat,10
temperance,10
tempest,10
tenacity,10
tendril,10
terminus,10
terracotta,10
testosterone,10
thermodynamic,10
thoroughbred,10
thoroughfare,10
throes,10
thrush,10
tilled,10
tinkle,10
tome,10
tomography,10
tong,10
topaz,10
totter,10
touchy,10
tousle,10
transducer,10
transverse,10
traumatise,10
trellis,10
trepidation,10
trill,10
tripartite,10
triplet,10
trivia,10
truffle,10
truncate,10
trundle,10
tuber,10
turban,10
turkeys,10
tusk,10
tuxedo,10
twig,10
twinge,10
typography,10
typology,10
ubiquitous,10
umbilical,10
unanimity,10
underachieve,10
undercurrent,10
underdog,10
underfund,10
underrate,10
unfurl,10
unicorn,10
unwieldy,10
upkeep,10
upshot,10
upstage,10
upstart,10
upsurge,10
vagary,10
vagrant,10
valet,10
valour,10
variegated,10
varsity,10
vend,10
venerate,10
venison,10
venous,10
ventricular,10
vertigo,10
vestibule,10
vicarious,10
vigilante,10
vignette,10
vilify,10
vinaigrette,10
vindictive,10
viper,10
virile,10
visor,10
vociferous,10
voluminous,10
voluptuous,10
voodoo,10
voracious,10
vortex,10
voyeur,10
wacky,10
waddle,10
wafer,10
walkman,10
wanton,10
wayside,10
weasel,10
whiting,10
whoosh,10
wiry,10
workhouse,10
wrest,10
xenophobia,10
yeoman,10
yew,10
yiddish,10
yucky,10
zap,10
zealot,10
zenith,10
zodiac,10
