aftereffect,after effect
afterthought,after thought
aircushion,air cushion
airmail,air mail
airman,air man
airplane,air plane
airport,air port
airtight,air tight
anybody,any body
anyhow,any how
anyone,any one
anyplace,any place
anything,any thing
anytime,any time
anyway,any way
anywhere,any where
armhole,arm hole
artwork,art work
backbone,back bone
backside,back side
backspace,back space
backwoods,back woods
bagpipes,bag pipes
basketwork,basket work
bathroom,bath room
bedroom,bed room
beeswax,bees wax
bird's-eye,bird's eye
birthplace,birth place
birthrate,birth rate
birthright,birth right
blackberry,black berry
blackbird,black bird
blackboard,black board
blacklead,black lead
blackout,black out
blood-vessel,blood vessel
bloodvessel,blood vessel
bluebell,blue bell
bookkeeper,book keeper
bookmark,book mark
bookrest,book rest
bookshelf,book shelf
bookworm,book worm
brakeman,brake man
breath-taking,breath taking
brickwork,brick work
brother-in-law,brother in law
brushwood,brush wood
businessman,business man
buttercup,butter cup
buttermilk,butter milk
button-hook,button hook
buttonhole,button hole
cameraman,camera man
carefree,care free
caretaker,care taker
clockwork,clock work
commonsense,common sense
countryside,country side
doorway,door way
downfall,down fall
download,down load
drainpipe,drain pipe
earthwork,earth work
earthworm,earth worm
evergreen,ever green
everybody,every body
everyday,every day
everyone,every one
everything,every thing
everywhere,every where
eyeball,eye ball
farmhouse,farm house
father-in-law,father in law
fatherland,father land
fingerprint,finger print
fire-engine,fire engine
fire-fly,fire fly
fireboat,fire boat
fireman,fire man
fireplace,fire place
fireworks,fire works
first-rate,first rate
footlight,foot light
footman,foot man
footnote,foot note
footprint,foot print
footstep,foot step
footway,foot way
gasworks,gas works
goldfish,gold fish
good-morning,good morning
goodlooking,good looking
goodnight,good night
gun-carriage,gun carriage
gunboat,gun boat
gunmetal,gun metal
gunpowder,gun powder
haircut,hair cut
handgrip,hand grip
handgun,hand gun
handwork,hand work
handwriting,hand writing
headstone,head stone
herewith,here with
herself,her self
highlands,high lands
horseback,horse back
horseplay,horse play
horsepower,horse power
hourglass,hour glass
houseboat,house boat
housekeeper,house keeper
inasmuch,in as much
indoors,in doors
instep,in step
keyhole,key hole
keystone,key stone
keyword,key word
landowner,land owner
landslip,land slip
lighthouse,light house
looking-glass,looking glass
lookout,look out
manhole,man hole
milkman,milk man
month-end,month end
moonlight,moon light
mother-in-law,mother in law
motherland,mother land
needlework,needle work
newborn,new born
newcomer,new comer
notebook,note book
oncoming,on coming
online,on line
onlooker,on looker
outbuilding,out building
outdoor,out door
outgoing,out going
outhouse,out house
outside,out side
overact,over act
overbalancing,over balancing
overbearing,over bearing
overdress,over dress
overdrink,over drink
overfull,over full
overland,over land
overleaf,over leaf
overseer,over seer
overshoe,over shoe
overstatement,over statement
overstretch,over stretch
overtaxed,over taxed
overtime,over time
overturn,over turn
overuse,over use
overvalue,over value
paperback,paper back
paperwork,paper work
peacekeeper,peace keeper
pincushion,pin cushion
plaything,play thing
policeman,police man
postman,post man
postmark,post mark
postoffice,post office
railroad,rail road
railway,rail way
roadway,road way
sailboat,sail boat
sailcloth,sail cloth
sailmaker,sail maker
schoolhouse,school house
schoolroom,school room
seaman,sea man
shoemaker,shoe maker
shutdown,shut down
sidewalk,side walk
sister-in-law,sister in law
somebody,some body
someday,some day
somehow,some how
someone,some one
someplace,some place
something,some thing
sometime,some time
somewhere,some where
son-in-law,son in law
starfish,star fish
starlight,star light
starship,star ship
startup,start up
steamboat,steam boat
steamship,steam ship
stonework,stone work
storehouse,store house
suchlike,such like
sun-shade,sun shade
sunbrown,sun brown
sunburn,sun burn
sunlight,sun light
sweetheart,sweet heart
throughway,through way
tradesman,trades man
underclothes,under clothes
undercook,under cook
underdone,under done
underhand,under hand
undersea,under sea
undersigned,under signed
undersized,under sized
understatement,under statement
undervalued,under valued
uplift,up lift
username,user name
viewpoint,view point
warship,war ship
waterfall,water fall
waterway,water way
weekend,week end
well-being,well being
well-off,well off
whatever,what ever
whenever,when ever
wherever,where ever
whichever,which ever
whoever,who ever
windpipe,wind pipe
woodwork,wood work
workman,work man
workplace,work place
workstation,work station
wrongdoing,wrong doing
x-ray,x ray
year-end,year end
year-long,year long
yearbook,year book
yearlong,year long
zookeeper,zoo keeper
